/*M!999999\- enable the sandbox mode */ 
-- MariaDB dump 10.19-12.3.2-MariaDB, for Linux (x86_64)
--
-- Host: 127.0.0.1    Database: sms
-- ------------------------------------------------------
-- Server version	12.3.2-MariaDB

/*!40101 SET @OLD_CHARACTER_SET_CLIENT=@@CHARACTER_SET_CLIENT */;
/*!40101 SET @OLD_CHARACTER_SET_RESULTS=@@CHARACTER_SET_RESULTS */;
/*!40101 SET @OLD_COLLATION_CONNECTION=@@COLLATION_CONNECTION */;
/*!40101 SET NAMES utf8mb4 */;
/*!40103 SET @OLD_TIME_ZONE=@@TIME_ZONE */;
/*!40103 SET TIME_ZONE='+00:00' */;
/*!40014 SET @OLD_UNIQUE_CHECKS=@@UNIQUE_CHECKS, UNIQUE_CHECKS=0 */;
/*!40014 SET @OLD_FOREIGN_KEY_CHECKS=@@FOREIGN_KEY_CHECKS, FOREIGN_KEY_CHECKS=0 */;
/*!40101 SET @OLD_SQL_MODE=@@SQL_MODE, SQL_MODE='NO_AUTO_VALUE_ON_ZERO' */;
/*M!100616 SET @OLD_NOTE_VERBOSITY=@@NOTE_VERBOSITY, NOTE_VERBOSITY=0 */;

--
-- Table structure for table `admin`
--

DROP TABLE IF EXISTS `admin`;
/*!40101 SET @saved_cs_client     = @@character_set_client */;
/*!40101 SET character_set_client = utf8mb4 */;
CREATE TABLE `admin` (
  `adminID` int(11) NOT NULL AUTO_INCREMENT,
  `upMail` varchar(255) NOT NULL,
  `password` text NOT NULL,
  `firstName` varchar(255) NOT NULL,
  `middleName` varchar(255) NOT NULL,
  `lastName` varchar(255) NOT NULL,
  `contact` varchar(12) NOT NULL,
  `status` varchar(20) NOT NULL DEFAULT 'active',
  PRIMARY KEY (`adminID`)
) ENGINE=InnoDB AUTO_INCREMENT=3 DEFAULT CHARSET=latin1 COLLATE=latin1_swedish_ci;
/*!40101 SET character_set_client = @saved_cs_client */;

--
-- Dumping data for table `admin`
--

SET @OLD_AUTOCOMMIT=@@AUTOCOMMIT, @@AUTOCOMMIT=0;
LOCK TABLES `admin` WRITE;
/*!40000 ALTER TABLE `admin` DISABLE KEYS */;
INSERT INTO `admin` VALUES
(2,'admin@gmail.com','$2y$12$reuFVMELN8s..xlrZIyzXuz.IbXnnrred4d4hsmkJ4vn8QMHHcfri','Rahul','C','Bindrani','','active');
/*!40000 ALTER TABLE `admin` ENABLE KEYS */;
UNLOCK TABLES;
COMMIT;
SET AUTOCOMMIT=@OLD_AUTOCOMMIT;

--
-- Table structure for table `application`
--

DROP TABLE IF EXISTS `application`;
/*!40101 SET @saved_cs_client     = @@character_set_client */;
/*!40101 SET character_set_client = utf8mb4 */;
CREATE TABLE `application` (
  `applicationID` int(11) NOT NULL AUTO_INCREMENT,
  `studentID` int(11) NOT NULL,
  `sigID` int(11) DEFAULT NULL,
  `scholarshipID` int(11) NOT NULL,
  `appDate` datetime NOT NULL DEFAULT '0000-00-00 00:00:00' ON UPDATE current_timestamp(),
  `appstatus` varchar(20) NOT NULL DEFAULT 'Pending',
  `verifiedBySignatory` varchar(20) NOT NULL DEFAULT 'Pending',
  `previous_appstatus` varchar(20) NOT NULL,
  `previous_verifiedBySignatory` varchar(20) NOT NULL,
  PRIMARY KEY (`applicationID`),
  KEY `fk_application_student` (`studentID`),
  KEY `fk_application_scholarship` (`scholarshipID`),
  KEY `fk_application_signatory` (`sigID`),
  CONSTRAINT `fk_application_scholarship` FOREIGN KEY (`scholarshipID`) REFERENCES `scholarship` (`scholarshipID`) ON DELETE CASCADE ON UPDATE CASCADE,
  CONSTRAINT `fk_application_signatory` FOREIGN KEY (`sigID`) REFERENCES `signatory` (`sigID`) ON DELETE SET NULL ON UPDATE CASCADE,
  CONSTRAINT `fk_application_student` FOREIGN KEY (`studentID`) REFERENCES `student` (`studentID`) ON DELETE CASCADE ON UPDATE CASCADE
) ENGINE=InnoDB AUTO_INCREMENT=56 DEFAULT CHARSET=latin1 COLLATE=latin1_swedish_ci;
/*!40101 SET character_set_client = @saved_cs_client */;

--
-- Dumping data for table `application`
--

SET @OLD_AUTOCOMMIT=@@AUTOCOMMIT, @@AUTOCOMMIT=0;
LOCK TABLES `application` WRITE;
/*!40000 ALTER TABLE `application` DISABLE KEYS */;
INSERT INTO `application` VALUES
(45,49,9,34,'2026-07-06 21:47:12','Processing','Approved','Pending','Pending'),
(46,50,9,35,'2026-07-08 09:08:26','Rejected','Rejected','Rejected','Rejected'),
(47,49,9,35,'2026-07-02 11:18:27','Processing','Approved','Pending','Pending'),
(48,49,9,37,'2026-07-02 11:17:07','Processing','Approved','Pending','Pending'),
(49,49,9,38,'2026-06-26 13:26:49','Processing','Approved','Pending','Pending'),
(50,49,9,39,'2026-07-02 11:16:50','Processing','Approved','Pending','Pending'),
(51,51,9,34,'2026-07-06 21:51:05','Processing','Approved','Pending','Pending'),
(52,52,9,34,'2026-07-06 17:13:45','Rejected','Rejected','Pending','Pending'),
(53,53,9,34,'2026-07-06 17:13:45','Rejected','Rejected','Pending','Pending'),
(54,50,9,57,'2026-07-06 21:39:49','Processing','Approved','Pending','Pending'),
(55,50,9,41,'2026-07-08 10:11:28','Rejected','Rejected','Pending','Pending');
/*!40000 ALTER TABLE `application` ENABLE KEYS */;
UNLOCK TABLES;
COMMIT;
SET AUTOCOMMIT=@OLD_AUTOCOMMIT;

--
-- Table structure for table `ir_engine_meta`
--

DROP TABLE IF EXISTS `ir_engine_meta`;
/*!40101 SET @saved_cs_client     = @@character_set_client */;
/*!40101 SET character_set_client = utf8mb4 */;
CREATE TABLE `ir_engine_meta` (
  `meta_key` varchar(120) NOT NULL,
  `meta_value` text NOT NULL,
  `updated_at` datetime NOT NULL DEFAULT current_timestamp() ON UPDATE current_timestamp(),
  PRIMARY KEY (`meta_key`)
) ENGINE=InnoDB DEFAULT CHARSET=utf8mb4 COLLATE=utf8mb4_uca1400_ai_ci;
/*!40101 SET character_set_client = @saved_cs_client */;

--
-- Dumping data for table `ir_engine_meta`
--

SET @OLD_AUTOCOMMIT=@@AUTOCOMMIT, @@AUTOCOMMIT=0;
LOCK TABLES `ir_engine_meta` WRITE;
/*!40000 ALTER TABLE `ir_engine_meta` DISABLE KEYS */;
INSERT INTO `ir_engine_meta` VALUES
('scholarship_corpus_hash','0d7ef017d2c58770ae36df301d34e92aed2d8d81','2026-07-08 11:15:08');
/*!40000 ALTER TABLE `ir_engine_meta` ENABLE KEYS */;
UNLOCK TABLES;
COMMIT;
SET AUTOCOMMIT=@OLD_AUTOCOMMIT;

--
-- Table structure for table `ir_recommendation_cache`
--

DROP TABLE IF EXISTS `ir_recommendation_cache`;
/*!40101 SET @saved_cs_client     = @@character_set_client */;
/*!40101 SET character_set_client = utf8mb4 */;
CREATE TABLE `ir_recommendation_cache` (
  `student_id` int(11) NOT NULL,
  `scholarship_id` int(11) NOT NULL,
  `score_percent` int(11) NOT NULL,
  `explanation_json` text NOT NULL,
  `profile_hash` char(40) NOT NULL,
  `corpus_hash` char(40) NOT NULL,
  `model_version` varchar(40) NOT NULL,
  `generated_at` datetime NOT NULL DEFAULT current_timestamp(),
  PRIMARY KEY (`student_id`,`scholarship_id`),
  KEY `idx_ir_rec_cache_lookup` (`student_id`,`profile_hash`,`corpus_hash`,`model_version`,`generated_at`),
  KEY `fk_ir_rec_cache_scholarship` (`scholarship_id`),
  CONSTRAINT `fk_ir_rec_cache_scholarship` FOREIGN KEY (`scholarship_id`) REFERENCES `scholarship` (`scholarshipID`) ON DELETE CASCADE ON UPDATE CASCADE,
  CONSTRAINT `fk_ir_rec_cache_student` FOREIGN KEY (`student_id`) REFERENCES `student` (`studentID`) ON DELETE CASCADE ON UPDATE CASCADE
) ENGINE=InnoDB DEFAULT CHARSET=utf8mb4 COLLATE=utf8mb4_uca1400_ai_ci;
/*!40101 SET character_set_client = @saved_cs_client */;

--
-- Dumping data for table `ir_recommendation_cache`
--

SET @OLD_AUTOCOMMIT=@@AUTOCOMMIT, @@AUTOCOMMIT=0;
LOCK TABLES `ir_recommendation_cache` WRITE;
/*!40000 ALTER TABLE `ir_recommendation_cache` DISABLE KEYS */;
INSERT INTO `ir_recommendation_cache` VALUES
(49,38,13,'[\"art\",\"diploma\",\"cultural\",\"student\"]','067977dccf05e105b35274bb07491ce2f78a0ef6','0d7ef017d2c58770ae36df301d34e92aed2d8d81','ir_v1','2026-07-08 11:15:08'),
(49,40,55,'[\"artificial intelligence\",\"diploma\",\"science technology engineering mathematic\",\"scholarship\",\"computer science\"]','067977dccf05e105b35274bb07491ce2f78a0ef6','0d7ef017d2c58770ae36df301d34e92aed2d8d81','ir_v1','2026-07-08 11:15:08'),
(49,43,42,'[\"diploma\",\"comput\",\"merit\",\"program\",\"mombasa\"]','067977dccf05e105b35274bb07491ce2f78a0ef6','0d7ef017d2c58770ae36df301d34e92aed2d8d81','ir_v1','2026-07-08 11:15:08'),
(49,48,31,'[\"scholarship\",\"diploma\",\"study\",\"financial ne\",\"support\"]','067977dccf05e105b35274bb07491ce2f78a0ef6','0d7ef017d2c58770ae36df301d34e92aed2d8d81','ir_v1','2026-07-08 11:15:08'),
(49,51,30,'[\"art\",\"scholarship\",\"diploma\",\"visual\",\"support\"]','067977dccf05e105b35274bb07491ce2f78a0ef6','0d7ef017d2c58770ae36df301d34e92aed2d8d81','ir_v1','2026-07-08 11:15:08'),
(50,41,32,'[\"technology\",\"undergraduate\",\"computer science\",\"financial ne\",\"bas\"]','a371c57161996ec01a56e5d08a936da2d0803e48','0d7ef017d2c58770ae36df301d34e92aed2d8d81','ir_v1','2026-07-08 11:15:09'),
(50,42,26,'[\"art\",\"cultural\",\"technology\",\"undergraduate\",\"scholarship\"]','a371c57161996ec01a56e5d08a936da2d0803e48','0d7ef017d2c58770ae36df301d34e92aed2d8d81','ir_v1','2026-07-08 11:15:09'),
(50,44,36,'[\"technology\",\"undergraduate\",\"scholarship\",\"cybersecurity\",\"interest\"]','a371c57161996ec01a56e5d08a936da2d0803e48','0d7ef017d2c58770ae36df301d34e92aed2d8d81','ir_v1','2026-07-08 11:15:09'),
(50,49,30,'[\"science technology engineering mathematic\",\"technology\",\"scholarship\",\"region\",\"undergraduate\"]','a371c57161996ec01a56e5d08a936da2d0803e48','0d7ef017d2c58770ae36df301d34e92aed2d8d81','ir_v1','2026-07-08 11:15:09'),
(50,50,38,'[\"engineer\",\"technology\",\"scholarship\",\"region\",\"undergraduate\"]','a371c57161996ec01a56e5d08a936da2d0803e48','0d7ef017d2c58770ae36df301d34e92aed2d8d81','ir_v1','2026-07-08 11:15:09'),
(50,57,30,'[\"technology\",\"scholarship\",\"support\",\"region\",\"nairobi\"]','a371c57161996ec01a56e5d08a936da2d0803e48','0d7ef017d2c58770ae36df301d34e92aed2d8d81','ir_v1','2026-07-08 11:15:09'),
(50,60,15,'[\"scholarship\",\"support\",\"region\",\"mombasa\",\"art\"]','a371c57161996ec01a56e5d08a936da2d0803e48','0d7ef017d2c58770ae36df301d34e92aed2d8d81','ir_v1','2026-07-08 11:15:09'),
(51,38,12,'[\"art\",\"cultural\",\"diploma\"]','d306182fab4dd8449f402a988f38cf1446be3a2f','0d7ef017d2c58770ae36df301d34e92aed2d8d81','ir_v1','2026-07-08 11:15:10'),
(51,40,26,'[\"artificial intelligence\",\"computer science\",\"diploma\",\"information technology\",\"financial ne\"]','d306182fab4dd8449f402a988f38cf1446be3a2f','0d7ef017d2c58770ae36df301d34e92aed2d8d81','ir_v1','2026-07-08 11:15:10'),
(51,41,11,'[\"kenya\",\"computer science\",\"financial ne\",\"bas\"]','d306182fab4dd8449f402a988f38cf1446be3a2f','0d7ef017d2c58770ae36df301d34e92aed2d8d81','ir_v1','2026-07-08 11:15:10'),
(51,42,50,'[\"art\",\"visual\",\"digital\",\"creative\",\"cultural\"]','d306182fab4dd8449f402a988f38cf1446be3a2f','0d7ef017d2c58770ae36df301d34e92aed2d8d81','ir_v1','2026-07-08 11:15:10'),
(51,43,39,'[\"comput\",\"diploma\",\"information technology\",\"computer science\",\"mombasa\"]','d306182fab4dd8449f402a988f38cf1446be3a2f','0d7ef017d2c58770ae36df301d34e92aed2d8d81','ir_v1','2026-07-08 11:15:10'),
(51,44,17,'[\"medium\",\"interest\",\"artificial intelligence\",\"financial ne\",\"bas\"]','d306182fab4dd8449f402a988f38cf1446be3a2f','0d7ef017d2c58770ae36df301d34e92aed2d8d81','ir_v1','2026-07-08 11:15:10'),
(51,45,6,'[\"interest\",\"artificial intelligence\",\"bas\"]','d306182fab4dd8449f402a988f38cf1446be3a2f','0d7ef017d2c58770ae36df301d34e92aed2d8d81','ir_v1','2026-07-08 11:15:10'),
(51,48,19,'[\"mean\",\"study\",\"diploma\",\"support\",\"region\"]','d306182fab4dd8449f402a988f38cf1446be3a2f','0d7ef017d2c58770ae36df301d34e92aed2d8d81','ir_v1','2026-07-08 11:15:10'),
(51,49,5,'[\"region\",\"support\",\"bas\"]','d306182fab4dd8449f402a988f38cf1446be3a2f','0d7ef017d2c58770ae36df301d34e92aed2d8d81','ir_v1','2026-07-08 11:15:10'),
(51,50,6,'[\"region\",\"mombasa\",\"support\",\"bas\"]','d306182fab4dd8449f402a988f38cf1446be3a2f','0d7ef017d2c58770ae36df301d34e92aed2d8d81','ir_v1','2026-07-08 11:15:10'),
(51,51,30,'[\"art\",\"creative\",\"visual\",\"diploma\",\"support\"]','d306182fab4dd8449f402a988f38cf1446be3a2f','0d7ef017d2c58770ae36df301d34e92aed2d8d81','ir_v1','2026-07-08 11:15:10'),
(51,57,6,'[\"support\",\"region\",\"bas\"]','d306182fab4dd8449f402a988f38cf1446be3a2f','0d7ef017d2c58770ae36df301d34e92aed2d8d81','ir_v1','2026-07-08 11:15:10'),
(51,60,24,'[\"digital\",\"art\",\"visual\",\"media\",\"support\"]','d306182fab4dd8449f402a988f38cf1446be3a2f','0d7ef017d2c58770ae36df301d34e92aed2d8d81','ir_v1','2026-07-08 11:15:10'),
(52,38,8,'[\"cultural\",\"art\",\"diploma\"]','1cfb5132ffedc59c61672da7fb2b1a639d773ee0','0d7ef017d2c58770ae36df301d34e92aed2d8d81','ir_v1','2026-07-08 11:15:11'),
(52,40,34,'[\"science technology engineering mathematic\",\"computer science\",\"bas\",\"technology\",\"diploma\"]','1cfb5132ffedc59c61672da7fb2b1a639d773ee0','0d7ef017d2c58770ae36df301d34e92aed2d8d81','ir_v1','2026-07-08 11:15:11'),
(52,41,35,'[\"technology\",\"undergraduate\",\"bas\",\"data science\",\"kenya\"]','1cfb5132ffedc59c61672da7fb2b1a639d773ee0','0d7ef017d2c58770ae36df301d34e92aed2d8d81','ir_v1','2026-07-08 11:15:11'),
(52,42,20,'[\"art\",\"cultural\",\"undergraduate\",\"bas\",\"technology\"]','1cfb5132ffedc59c61672da7fb2b1a639d773ee0','0d7ef017d2c58770ae36df301d34e92aed2d8d81','ir_v1','2026-07-08 11:15:11'),
(52,43,35,'[\"comput\",\"diploma\",\"computer science\",\"bas\",\"support\"]','1cfb5132ffedc59c61672da7fb2b1a639d773ee0','0d7ef017d2c58770ae36df301d34e92aed2d8d81','ir_v1','2026-07-08 11:15:11'),
(52,44,34,'[\"bas\",\"medium\",\"undergraduate\",\"technology\",\"interest\"]','1cfb5132ffedc59c61672da7fb2b1a639d773ee0','0d7ef017d2c58770ae36df301d34e92aed2d8d81','ir_v1','2026-07-08 11:15:11'),
(52,45,8,'[\"interest\",\"bas\",\"technology\"]','1cfb5132ffedc59c61672da7fb2b1a639d773ee0','0d7ef017d2c58770ae36df301d34e92aed2d8d81','ir_v1','2026-07-08 11:15:11'),
(52,48,27,'[\"support\",\"mean\",\"study\",\"diploma\",\"region\"]','1cfb5132ffedc59c61672da7fb2b1a639d773ee0','0d7ef017d2c58770ae36df301d34e92aed2d8d81','ir_v1','2026-07-08 11:15:11'),
(52,49,24,'[\"science technology engineering mathematic\",\"technology\",\"support\",\"region\",\"undergraduate\"]','1cfb5132ffedc59c61672da7fb2b1a639d773ee0','0d7ef017d2c58770ae36df301d34e92aed2d8d81','ir_v1','2026-07-08 11:15:11'),
(52,50,16,'[\"technology\",\"region\",\"undergraduate\",\"scholarship\",\"bas\"]','1cfb5132ffedc59c61672da7fb2b1a639d773ee0','0d7ef017d2c58770ae36df301d34e92aed2d8d81','ir_v1','2026-07-08 11:15:11'),
(52,51,17,'[\"support\",\"art\",\"diploma\",\"region\",\"scholarship\"]','1cfb5132ffedc59c61672da7fb2b1a639d773ee0','0d7ef017d2c58770ae36df301d34e92aed2d8d81','ir_v1','2026-07-08 11:15:11'),
(52,57,21,'[\"technology\",\"support\",\"region\",\"scholarship\",\"bas\"]','1cfb5132ffedc59c61672da7fb2b1a639d773ee0','0d7ef017d2c58770ae36df301d34e92aed2d8d81','ir_v1','2026-07-08 11:15:11'),
(52,60,11,'[\"support\",\"region\",\"art\",\"scholarship\",\"undergraduate\"]','1cfb5132ffedc59c61672da7fb2b1a639d773ee0','0d7ef017d2c58770ae36df301d34e92aed2d8d81','ir_v1','2026-07-08 11:15:11'),
(53,38,4,'[\"art\",\"student\"]','7b4ecc012ef50fb7ecc81f73526d97be3c75b1cc','0d7ef017d2c58770ae36df301d34e92aed2d8d81','ir_v1','2026-07-08 11:15:12'),
(53,40,41,'[\"computer science\",\"artificial intelligence\",\"financial ne\",\"information technology\",\"bas\"]','7b4ecc012ef50fb7ecc81f73526d97be3c75b1cc','0d7ef017d2c58770ae36df301d34e92aed2d8d81','ir_v1','2026-07-08 11:15:12'),
(53,41,22,'[\"computer science\",\"kenya\",\"financial ne\",\"bas\",\"student\"]','7b4ecc012ef50fb7ecc81f73526d97be3c75b1cc','0d7ef017d2c58770ae36df301d34e92aed2d8d81','ir_v1','2026-07-08 11:15:12'),
(53,42,21,'[\"art\",\"visual\",\"bas\",\"student\"]','7b4ecc012ef50fb7ecc81f73526d97be3c75b1cc','0d7ef017d2c58770ae36df301d34e92aed2d8d81','ir_v1','2026-07-08 11:15:12'),
(53,43,36,'[\"comput\",\"information technology\",\"computer science\",\"merit\",\"support\"]','7b4ecc012ef50fb7ecc81f73526d97be3c75b1cc','0d7ef017d2c58770ae36df301d34e92aed2d8d81','ir_v1','2026-07-08 11:15:12'),
(53,44,19,'[\"financial ne\",\"interest\",\"artificial intelligence\",\"bas\",\"support\"]','7b4ecc012ef50fb7ecc81f73526d97be3c75b1cc','0d7ef017d2c58770ae36df301d34e92aed2d8d81','ir_v1','2026-07-08 11:15:12'),
(53,45,8,'[\"interest\",\"artificial intelligence\",\"bas\"]','7b4ecc012ef50fb7ecc81f73526d97be3c75b1cc','0d7ef017d2c58770ae36df301d34e92aed2d8d81','ir_v1','2026-07-08 11:15:12'),
(53,48,19,'[\"study\",\"financial ne\",\"support\",\"region\",\"student\"]','7b4ecc012ef50fb7ecc81f73526d97be3c75b1cc','0d7ef017d2c58770ae36df301d34e92aed2d8d81','ir_v1','2026-07-08 11:15:12'),
(53,49,7,'[\"region\",\"support\",\"bas\",\"student\"]','7b4ecc012ef50fb7ecc81f73526d97be3c75b1cc','0d7ef017d2c58770ae36df301d34e92aed2d8d81','ir_v1','2026-07-08 11:15:12'),
(53,50,6,'[\"region\",\"student\",\"support\",\"bas\"]','7b4ecc012ef50fb7ecc81f73526d97be3c75b1cc','0d7ef017d2c58770ae36df301d34e92aed2d8d81','ir_v1','2026-07-08 11:15:12'),
(53,51,18,'[\"visual\",\"art\",\"support\",\"region\",\"student\"]','7b4ecc012ef50fb7ecc81f73526d97be3c75b1cc','0d7ef017d2c58770ae36df301d34e92aed2d8d81','ir_v1','2026-07-08 11:15:12'),
(53,57,8,'[\"support\",\"region\",\"bas\",\"student\"]','7b4ecc012ef50fb7ecc81f73526d97be3c75b1cc','0d7ef017d2c58770ae36df301d34e92aed2d8d81','ir_v1','2026-07-08 11:15:12'),
(53,60,13,'[\"visual\",\"support\",\"region\",\"art\",\"student\"]','7b4ecc012ef50fb7ecc81f73526d97be3c75b1cc','0d7ef017d2c58770ae36df301d34e92aed2d8d81','ir_v1','2026-07-08 11:15:12');
/*!40000 ALTER TABLE `ir_recommendation_cache` ENABLE KEYS */;
UNLOCK TABLES;
COMMIT;
SET AUTOCOMMIT=@OLD_AUTOCOMMIT;

--
-- Table structure for table `ir_scholarship_norms`
--

DROP TABLE IF EXISTS `ir_scholarship_norms`;
/*!40101 SET @saved_cs_client     = @@character_set_client */;
/*!40101 SET character_set_client = utf8mb4 */;
CREATE TABLE `ir_scholarship_norms` (
  `scholarship_id` int(11) NOT NULL,
  `norm_value` double NOT NULL,
  PRIMARY KEY (`scholarship_id`),
  CONSTRAINT `fk_ir_sch_norms_scholarship` FOREIGN KEY (`scholarship_id`) REFERENCES `scholarship` (`scholarshipID`) ON DELETE CASCADE ON UPDATE CASCADE
) ENGINE=InnoDB DEFAULT CHARSET=utf8mb4 COLLATE=utf8mb4_uca1400_ai_ci;
/*!40101 SET character_set_client = @saved_cs_client */;

--
-- Dumping data for table `ir_scholarship_norms`
--

SET @OLD_AUTOCOMMIT=@@AUTOCOMMIT, @@AUTOCOMMIT=0;
LOCK TABLES `ir_scholarship_norms` WRITE;
/*!40000 ALTER TABLE `ir_scholarship_norms` DISABLE KEYS */;
INSERT INTO `ir_scholarship_norms` VALUES
(38,0.5071863382811098),
(40,0.5575410458452505),
(41,0.563192344828314),
(42,0.590970153007768),
(43,0.639697288244648),
(44,0.5132176669108908),
(45,0.4625844478081004),
(48,0.3776676811674145),
(49,0.3525717604066085),
(50,0.383190689592224),
(51,0.38166612860056565),
(57,0.382967432272335),
(60,0.43433696249250847);
/*!40000 ALTER TABLE `ir_scholarship_norms` ENABLE KEYS */;
UNLOCK TABLES;
COMMIT;
SET AUTOCOMMIT=@OLD_AUTOCOMMIT;

--
-- Table structure for table `ir_scholarship_vectors`
--

DROP TABLE IF EXISTS `ir_scholarship_vectors`;
/*!40101 SET @saved_cs_client     = @@character_set_client */;
/*!40101 SET character_set_client = utf8mb4 */;
CREATE TABLE `ir_scholarship_vectors` (
  `scholarship_id` int(11) NOT NULL,
  `term_id` int(11) NOT NULL,
  `tf_value` double NOT NULL,
  `tfidf_value` double NOT NULL,
  PRIMARY KEY (`scholarship_id`,`term_id`),
  KEY `idx_ir_sch_term` (`term_id`),
  CONSTRAINT `fk_ir_sch_vectors_scholarship` FOREIGN KEY (`scholarship_id`) REFERENCES `scholarship` (`scholarshipID`) ON DELETE CASCADE ON UPDATE CASCADE,
  CONSTRAINT `fk_ir_sch_vectors_term` FOREIGN KEY (`term_id`) REFERENCES `ir_vocabulary` (`term_id`) ON DELETE CASCADE ON UPDATE CASCADE
) ENGINE=InnoDB DEFAULT CHARSET=utf8mb4 COLLATE=utf8mb4_uca1400_ai_ci;
/*!40101 SET character_set_client = @saved_cs_client */;

--
-- Dumping data for table `ir_scholarship_vectors`
--

SET @OLD_AUTOCOMMIT=@@AUTOCOMMIT, @@AUTOCOMMIT=0;
LOCK TABLES `ir_scholarship_vectors` WRITE;
/*!40000 ALTER TABLE `ir_scholarship_vectors` DISABLE KEYS */;
INSERT INTO `ir_scholarship_vectors` VALUES
(38,1,0.038461538461538464,0.09770942465181343),
(38,2,0.038461538461538464,0.09770942465181343),
(38,3,0.038461538461538464,0.09770942465181343),
(38,4,0.038461538461538464,0.09770942465181343),
(38,5,0.038461538461538464,0.08664472955751416),
(38,6,0.038461538461538464,0.04439041076258686),
(38,7,0.038461538461538464,0.11330423650212745),
(38,8,0.038461538461538464,0.11330423650212745),
(38,9,0.038461538461538464,0.0780622852761984),
(38,10,0.038461538461538464,0.11330423650212745),
(38,11,0.038461538461538464,0.09770942465181343),
(38,12,0.038461538461538464,0.11330423650212745),
(38,13,0.038461538461538464,0.11330423650212745),
(38,14,0.038461538461538464,0.11330423650212745),
(38,15,0.038461538461538464,0.11330423650212745),
(38,16,0.038461538461538464,0.08664472955751416),
(38,17,0.038461538461538464,0.09770942465181343),
(38,18,0.038461538461538464,0.11330423650212745),
(38,19,0.038461538461538464,0.07104991770720015),
(38,20,0.038461538461538464,0.04439041076258686),
(38,21,0.038461538461538464,0.09770942465181343),
(38,22,0.038461538461538464,0.09770942465181343),
(38,23,0.038461538461538464,0.09770942465181343),
(38,24,0.038461538461538464,0.11330423650212745),
(38,25,0.038461538461538464,0.11330423650212745),
(38,26,0.038461538461538464,0.11330423650212745),
(40,6,0.08695652173913043,0.10036092868063115),
(40,19,0.08695652173913043,0.16063459655540901),
(40,20,0.043478260869565216,0.050180464340315575),
(40,27,0.08695652173913043,0.1472301896139083),
(40,28,0.08695652173913043,0.22090826443018685),
(40,29,0.13043478260869565,0.29383864806461324),
(40,30,0.08695652173913043,0.11621497709749677),
(40,31,0.08695652173913043,0.12537676106774254),
(40,32,0.08695652173913043,0.10792713537538155),
(40,33,0.08695652173913043,0.19589243204307547),
(40,34,0.043478260869565216,0.11045413221509343),
(40,35,0.043478260869565216,0.08824432248613731),
(40,36,0.043478260869565216,0.12808304995892666),
(41,6,0.041666666666666664,0.048089611659469095),
(41,20,0.08333333333333333,0.09617922331893819),
(41,27,0.041666666666666664,0.07054779918999772),
(41,31,0.125,0.1802290940348799),
(41,32,0.08333333333333333,0.10343017140140733),
(41,33,0.041666666666666664,0.093865123687307),
(41,35,0.041666666666666664,0.0845674757158816),
(41,37,0.041666666666666664,0.12274625621063806),
(41,38,0.16666666666666666,0.2821911967599909),
(41,39,0.08333333333333333,0.24549251242127612),
(41,40,0.041666666666666664,0.12274625621063806),
(41,41,0.041666666666666664,0.12274625621063806),
(41,42,0.041666666666666664,0.12274625621063806),
(41,43,0.041666666666666664,0.10585187670613119),
(41,44,0.041666666666666664,0.12274625621063806),
(41,45,0.041666666666666664,0.12274625621063806),
(42,4,0.038461538461538464,0.09770942465181343),
(42,6,0.038461538461538464,0.04439041076258686),
(42,9,0.15384615384615385,0.3122491411047936),
(42,20,0.038461538461538464,0.04439041076258686),
(42,27,0.038461538461538464,0.06512104540615175),
(42,30,0.038461538461538464,0.05140277833158512),
(42,31,0.038461538461538464,0.05545510585688613),
(42,32,0.038461538461538464,0.04773700218526492),
(42,38,0.07692307692307693,0.1302420908123035),
(42,46,0.07692307692307693,0.19541884930362685),
(42,47,0.07692307692307693,0.19541884930362685),
(42,48,0.11538461538461539,0.2599341886725425),
(42,49,0.038461538461538464,0.08664472955751416),
(42,50,0.038461538461538464,0.09770942465181343),
(42,51,0.038461538461538464,0.11330423650212745),
(42,52,0.038461538461538464,0.11330423650212745),
(42,53,0.038461538461538464,0.09770942465181343),
(42,54,0.038461538461538464,0.11330423650212745),
(43,6,0.045454545454545456,0.05246139453760265),
(43,19,0.18181818181818182,0.33587233825221885),
(43,32,0.045454545454545456,0.056416457128040366),
(43,33,0.045454545454545456,0.10239831674978946),
(43,34,0.09090909090909091,0.23094954917701355),
(43,55,0.045454545454545456,0.11547477458850677),
(43,56,0.09090909090909091,0.26781001355048306),
(43,57,0.045454545454545456,0.06553785237631997),
(43,58,0.045454545454545456,0.13390500677524153),
(43,59,0.045454545454545456,0.11547477458850677),
(43,60,0.045454545454545456,0.11547477458850677),
(43,61,0.045454545454545456,0.10239831674978946),
(43,62,0.045454545454545456,0.13390500677524153),
(43,63,0.045454545454545456,0.13390500677524153),
(43,64,0.045454545454545456,0.13390500677524153),
(43,65,0.045454545454545456,0.10239831674978946),
(43,66,0.045454545454545456,0.13390500677524153),
(44,29,0.041666666666666664,0.093865123687307),
(44,30,0.08333333333333333,0.11137268638510107),
(44,31,0.08333333333333333,0.12015272935658661),
(44,32,0.08333333333333333,0.10343017140140733),
(44,35,0.041666666666666664,0.0845674757158816),
(44,38,0.125,0.21164339756999317),
(44,57,0.041666666666666664,0.060076364678293304),
(44,67,0.041666666666666664,0.10585187670613119),
(44,68,0.041666666666666664,0.12274625621063806),
(44,69,0.041666666666666664,0.10585187670613119),
(44,70,0.041666666666666664,0.12274625621063806),
(44,71,0.041666666666666664,0.10585187670613119),
(44,72,0.041666666666666664,0.12274625621063806),
(44,73,0.041666666666666664,0.10585187670613119),
(44,74,0.041666666666666664,0.10585187670613119),
(44,75,0.041666666666666664,0.12274625621063806),
(44,76,0.041666666666666664,0.12274625621063806),
(44,77,0.041666666666666664,0.12274625621063806),
(44,78,0.041666666666666664,0.12274625621063806),
(45,1,0.03125,0.0793889075295984),
(45,2,0.03125,0.0793889075295984),
(45,3,0.03125,0.0793889075295984),
(45,5,0.03125,0.07039884276548025),
(45,11,0.03125,0.0793889075295984),
(45,16,0.03125,0.07039884276548025),
(45,20,0.03125,0.03606720874460182),
(45,21,0.03125,0.0793889075295984),
(45,22,0.03125,0.0793889075295984),
(45,23,0.03125,0.0793889075295984),
(45,29,0.03125,0.07039884276548025),
(45,31,0.03125,0.04505727350871998),
(45,32,0.03125,0.03878631427552775),
(45,43,0.03125,0.0793889075295984),
(45,69,0.03125,0.0793889075295984),
(45,74,0.03125,0.0793889075295984),
(45,79,0.03125,0.09205969215797855),
(45,80,0.03125,0.09205969215797855),
(45,81,0.03125,0.09205969215797855),
(45,82,0.03125,0.09205969215797855),
(45,83,0.03125,0.09205969215797855),
(45,84,0.03125,0.09205969215797855),
(45,85,0.03125,0.0793889075295984),
(45,86,0.03125,0.0793889075295984),
(45,87,0.03125,0.09205969215797855),
(45,88,0.03125,0.09205969215797855),
(45,89,0.03125,0.09205969215797855),
(45,90,0.03125,0.09205969215797855),
(45,91,0.03125,0.09205969215797855),
(45,92,0.03125,0.09205969215797855),
(45,93,0.03125,0.09205969215797855),
(45,94,0.03125,0.09205969215797855),
(48,6,0.046511627906976744,0.053681426968709686),
(48,19,0.046511627906976744,0.08592083071568389),
(48,20,0.023255813953488372,0.026840713484354843),
(48,27,0.023255813953488372,0.039375515826975474),
(48,30,0.06976744186046512,0.09324224906659626),
(48,32,0.023255813953488372,0.02886423387946251),
(48,35,0.023255813953488372,0.047200451562352516),
(48,57,0.06976744186046512,0.10059298271714227),
(48,73,0.023255813953488372,0.05908011723132904),
(48,95,0.046511627906976744,0.13701907670024713),
(48,96,0.046511627906976744,0.13701907670024713),
(48,97,0.023255813953488372,0.06850953835012356),
(48,98,0.023255813953488372,0.06850953835012356),
(48,99,0.023255813953488372,0.06850953835012356),
(48,100,0.023255813953488372,0.039375515826975474),
(48,101,0.023255813953488372,0.039375515826975474),
(48,102,0.023255813953488372,0.039375515826975474),
(48,103,0.046511627906976744,0.07875103165395095),
(48,104,0.046511627906976744,0.07875103165395095),
(48,105,0.023255813953488372,0.039375515826975474),
(48,106,0.023255813953488372,0.039375515826975474),
(48,107,0.023255813953488372,0.05908011723132904),
(48,108,0.023255813953488372,0.039375515826975474),
(48,109,0.023255813953488372,0.039375515826975474),
(48,110,0.023255813953488372,0.039375515826975474),
(48,111,0.023255813953488372,0.039375515826975474),
(48,112,0.06976744186046512,0.11812654748092642),
(48,113,0.023255813953488372,0.039375515826975474),
(48,114,0.046511627906976744,0.07875103165395095),
(48,115,0.023255813953488372,0.039375515826975474),
(49,6,0.021739130434782608,0.025090232170157788),
(49,16,0.021739130434782608,0.048973108010768866),
(49,17,0.021739130434782608,0.05522706610754671),
(49,20,0.021739130434782608,0.025090232170157788),
(49,27,0.021739130434782608,0.036807547403477074),
(49,28,0.043478260869565216,0.11045413221509343),
(49,30,0.043478260869565216,0.058107488548748386),
(49,31,0.043478260869565216,0.06268838053387127),
(49,32,0.021739130434782608,0.026981783843845388),
(49,38,0.043478260869565216,0.07361509480695415),
(49,49,0.021739130434782608,0.048973108010768866),
(49,57,0.043478260869565216,0.06268838053387127),
(49,59,0.021739130434782608,0.05522706610754671),
(49,60,0.021739130434782608,0.05522706610754671),
(49,71,0.021739130434782608,0.05522706610754671),
(49,100,0.021739130434782608,0.036807547403477074),
(49,101,0.021739130434782608,0.036807547403477074),
(49,102,0.021739130434782608,0.036807547403477074),
(49,103,0.043478260869565216,0.07361509480695415),
(49,104,0.043478260869565216,0.07361509480695415),
(49,105,0.021739130434782608,0.036807547403477074),
(49,106,0.021739130434782608,0.036807547403477074),
(49,108,0.021739130434782608,0.036807547403477074),
(49,109,0.021739130434782608,0.036807547403477074),
(49,110,0.021739130434782608,0.036807547403477074),
(49,111,0.021739130434782608,0.036807547403477074),
(49,112,0.06521739130434782,0.11042264221043122),
(49,113,0.021739130434782608,0.036807547403477074),
(49,114,0.043478260869565216,0.07361509480695415),
(49,115,0.021739130434782608,0.036807547403477074),
(49,116,0.043478260869565216,0.12808304995892666),
(49,117,0.021739130434782608,0.06404152497946333),
(49,118,0.021739130434782608,0.06404152497946333),
(49,119,0.021739130434782608,0.06404152497946333),
(49,120,0.021739130434782608,0.05522706610754671),
(50,6,0.044444444444444446,0.05129558577010037),
(50,20,0.022222222222222223,0.025647792885050185),
(50,30,0.06666666666666667,0.08909814910808087),
(50,31,0.044444444444444446,0.0640814556568462),
(50,32,0.022222222222222223,0.02758137904037529),
(50,38,0.044444444444444446,0.07525098580266425),
(50,55,0.022222222222222223,0.056454334243269975),
(50,57,0.022222222222222223,0.0320407278284231),
(50,61,0.022222222222222223,0.05006139929989707),
(50,65,0.022222222222222223,0.05006139929989707),
(50,67,0.044444444444444446,0.11290866848653995),
(50,85,0.022222222222222223,0.056454334243269975),
(50,100,0.022222222222222223,0.037625492901332123),
(50,101,0.022222222222222223,0.037625492901332123),
(50,102,0.022222222222222223,0.037625492901332123),
(50,103,0.044444444444444446,0.07525098580266425),
(50,104,0.044444444444444446,0.07525098580266425),
(50,105,0.022222222222222223,0.037625492901332123),
(50,106,0.022222222222222223,0.037625492901332123),
(50,108,0.022222222222222223,0.037625492901332123),
(50,109,0.022222222222222223,0.037625492901332123),
(50,110,0.022222222222222223,0.037625492901332123),
(50,111,0.022222222222222223,0.037625492901332123),
(50,112,0.06666666666666667,0.11287647870399636),
(50,113,0.022222222222222223,0.037625492901332123),
(50,114,0.044444444444444446,0.07525098580266425),
(50,115,0.022222222222222223,0.037625492901332123),
(50,121,0.06666666666666667,0.19639400993702089),
(50,122,0.022222222222222223,0.06546466997900696),
(50,123,0.022222222222222223,0.06546466997900696),
(50,124,0.022222222222222223,0.06546466997900696),
(50,125,0.022222222222222223,0.056454334243269975),
(51,5,0.043478260869565216,0.09794621602153773),
(51,6,0.043478260869565216,0.050180464340315575),
(51,9,0.043478260869565216,0.08824432248613731),
(51,19,0.043478260869565216,0.08031729827770451),
(51,20,0.021739130434782608,0.025090232170157788),
(51,30,0.06521739130434782,0.08716123282312258),
(51,47,0.06521739130434782,0.16568119832264014),
(51,48,0.043478260869565216,0.09794621602153773),
(51,49,0.021739130434782608,0.048973108010768866),
(51,57,0.06521739130434782,0.0940325708008069),
(51,100,0.021739130434782608,0.036807547403477074),
(51,101,0.021739130434782608,0.036807547403477074),
(51,102,0.021739130434782608,0.036807547403477074),
(51,103,0.043478260869565216,0.07361509480695415),
(51,104,0.043478260869565216,0.07361509480695415),
(51,105,0.021739130434782608,0.036807547403477074),
(51,106,0.021739130434782608,0.036807547403477074),
(51,108,0.021739130434782608,0.036807547403477074),
(51,109,0.021739130434782608,0.036807547403477074),
(51,110,0.021739130434782608,0.036807547403477074),
(51,111,0.021739130434782608,0.036807547403477074),
(51,112,0.06521739130434782,0.11042264221043122),
(51,113,0.021739130434782608,0.036807547403477074),
(51,114,0.043478260869565216,0.07361509480695415),
(51,115,0.021739130434782608,0.036807547403477074),
(51,126,0.021739130434782608,0.05522706610754671),
(51,127,0.021739130434782608,0.06404152497946333),
(51,128,0.021739130434782608,0.06404152497946333),
(51,129,0.021739130434782608,0.06404152497946333),
(51,130,0.021739130434782608,0.06404152497946333),
(57,6,0.023255813953488372,0.026840713484354843),
(57,20,0.023255813953488372,0.026840713484354843),
(57,27,0.023255813953488372,0.039375515826975474),
(57,30,0.06976744186046512,0.09324224906659626),
(57,31,0.09302325581395349,0.1341239769561897),
(57,32,0.023255813953488372,0.02886423387946251),
(57,53,0.06976744186046512,0.17724035169398714),
(57,57,0.06976744186046512,0.10059298271714227),
(57,61,0.023255813953488372,0.05238983647663647),
(57,100,0.023255813953488372,0.039375515826975474),
(57,101,0.023255813953488372,0.039375515826975474),
(57,102,0.023255813953488372,0.039375515826975474),
(57,103,0.046511627906976744,0.07875103165395095),
(57,104,0.046511627906976744,0.07875103165395095),
(57,105,0.023255813953488372,0.039375515826975474),
(57,106,0.023255813953488372,0.039375515826975474),
(57,107,0.023255813953488372,0.05908011723132904),
(57,108,0.023255813953488372,0.039375515826975474),
(57,109,0.023255813953488372,0.039375515826975474),
(57,110,0.023255813953488372,0.039375515826975474),
(57,111,0.023255813953488372,0.039375515826975474),
(57,112,0.06976744186046512,0.11812654748092642),
(57,113,0.023255813953488372,0.039375515826975474),
(57,114,0.046511627906976744,0.07875103165395095),
(57,115,0.023255813953488372,0.039375515826975474),
(57,131,0.023255813953488372,0.06850953835012356),
(57,132,0.023255813953488372,0.06850953835012356),
(57,133,0.023255813953488372,0.06850953835012356),
(57,134,0.023255813953488372,0.06850953835012356),
(60,6,0.021739130434782608,0.025090232170157788),
(60,9,0.021739130434782608,0.044122161243068656),
(60,20,0.021739130434782608,0.025090232170157788),
(60,30,0.043478260869565216,0.058107488548748386),
(60,38,0.021739130434782608,0.036807547403477074),
(60,46,0.06521739130434782,0.16568119832264014),
(60,48,0.043478260869565216,0.09794621602153773),
(60,50,0.021739130434782608,0.05522706610754671),
(60,57,0.06521739130434782,0.0940325708008069),
(60,65,0.021739130434782608,0.048973108010768866),
(60,86,0.021739130434782608,0.05522706610754671),
(60,100,0.021739130434782608,0.036807547403477074),
(60,101,0.021739130434782608,0.036807547403477074),
(60,102,0.021739130434782608,0.036807547403477074),
(60,103,0.043478260869565216,0.07361509480695415),
(60,104,0.043478260869565216,0.07361509480695415),
(60,105,0.021739130434782608,0.036807547403477074),
(60,106,0.021739130434782608,0.036807547403477074),
(60,108,0.021739130434782608,0.036807547403477074),
(60,109,0.021739130434782608,0.036807547403477074),
(60,110,0.021739130434782608,0.036807547403477074),
(60,111,0.021739130434782608,0.036807547403477074),
(60,112,0.06521739130434782,0.11042264221043122),
(60,113,0.021739130434782608,0.036807547403477074),
(60,114,0.043478260869565216,0.07361509480695415),
(60,115,0.021739130434782608,0.036807547403477074),
(60,120,0.021739130434782608,0.05522706610754671),
(60,125,0.021739130434782608,0.05522706610754671),
(60,126,0.021739130434782608,0.05522706610754671),
(60,135,0.08695652173913043,0.25616609991785333),
(60,136,0.021739130434782608,0.06404152497946333),
(60,137,0.021739130434782608,0.06404152497946333);
/*!40000 ALTER TABLE `ir_scholarship_vectors` ENABLE KEYS */;
UNLOCK TABLES;
COMMIT;
SET AUTOCOMMIT=@OLD_AUTOCOMMIT;

--
-- Table structure for table `ir_stopwords`
--

DROP TABLE IF EXISTS `ir_stopwords`;
/*!40101 SET @saved_cs_client     = @@character_set_client */;
/*!40101 SET character_set_client = utf8mb4 */;
CREATE TABLE `ir_stopwords` (
  `word` varchar(64) NOT NULL,
  PRIMARY KEY (`word`)
) ENGINE=InnoDB DEFAULT CHARSET=utf8mb4 COLLATE=utf8mb4_uca1400_ai_ci;
/*!40101 SET character_set_client = @saved_cs_client */;

--
-- Dumping data for table `ir_stopwords`
--

SET @OLD_AUTOCOMMIT=@@AUTOCOMMIT, @@AUTOCOMMIT=0;
LOCK TABLES `ir_stopwords` WRITE;
/*!40000 ALTER TABLE `ir_stopwords` DISABLE KEYS */;
INSERT INTO `ir_stopwords` VALUES
('a'),
('about'),
('after'),
('all'),
('also'),
('an'),
('and'),
('any'),
('are'),
('as'),
('at'),
('be'),
('been'),
('before'),
('being'),
('by'),
('can'),
('could'),
('down'),
('during'),
('for'),
('from'),
('he'),
('her'),
('his'),
('i'),
('in'),
('into'),
('is'),
('it'),
('its'),
('just'),
('me'),
('mine'),
('my'),
('no'),
('not'),
('of'),
('off'),
('on'),
('or'),
('our'),
('out'),
('over'),
('she'),
('should'),
('than'),
('that'),
('the'),
('their'),
('them'),
('then'),
('these'),
('they'),
('this'),
('those'),
('to'),
('up'),
('very'),
('was'),
('we'),
('were'),
('will'),
('with'),
('without'),
('would'),
('yes'),
('you'),
('your');
/*!40000 ALTER TABLE `ir_stopwords` ENABLE KEYS */;
UNLOCK TABLES;
COMMIT;
SET AUTOCOMMIT=@OLD_AUTOCOMMIT;

--
-- Table structure for table `ir_student_documents`
--

DROP TABLE IF EXISTS `ir_student_documents`;
/*!40101 SET @saved_cs_client     = @@character_set_client */;
/*!40101 SET character_set_client = utf8mb4 */;
CREATE TABLE `ir_student_documents` (
  `student_id` int(11) NOT NULL,
  `normalized_text` longtext NOT NULL,
  `profile_hash` char(40) NOT NULL,
  `corpus_hash` char(40) NOT NULL,
  `model_version` varchar(40) NOT NULL,
  `updated_at` datetime NOT NULL DEFAULT current_timestamp() ON UPDATE current_timestamp(),
  PRIMARY KEY (`student_id`),
  KEY `idx_ir_student_doc_hash` (`profile_hash`,`corpus_hash`,`model_version`),
  CONSTRAINT `fk_ir_student_docs_student` FOREIGN KEY (`student_id`) REFERENCES `student` (`studentID`) ON DELETE CASCADE ON UPDATE CASCADE
) ENGINE=InnoDB DEFAULT CHARSET=utf8mb4 COLLATE=utf8mb4_uca1400_ai_ci;
/*!40101 SET character_set_client = @saved_cs_client */;

--
-- Dumping data for table `ir_student_documents`
--

SET @OLD_AUTOCOMMIT=@@AUTOCOMMIT, @@AUTOCOMMIT=0;
LOCK TABLES `ir_student_documents` WRITE;
/*!40000 ALTER TABLE `ir_student_documents` DISABLE KEYS */;
INSERT INTO `ir_student_documents` VALUES
(49,'study level diploma financial_ne medium career interest merit bas science_technology_engineering_mathematic scholarship diploma visual art student financial_ne computer_science cultural art artificial_intelligence department technology bas comput scholarship support college technology scholarship program region nairobi region mombasa nationality gender male','067977dccf05e105b35274bb07491ce2f78a0ef6','0d7ef017d2c58770ae36df301d34e92aed2d8d81','ir_v1','2026-07-08 11:15:08'),
(50,'study level undergraduate financial_ne low career interest scholarship technology bas cultural art support cybersecurity computer_science student science_technology_engineering_mathematic engineer department information_technology college technology scholarship program region nairobi technology region mombasa nationality gender female','a371c57161996ec01a56e5d08a936da2d0803e48','0d7ef017d2c58770ae36df301d34e92aed2d8d81','ir_v1','2026-07-08 11:15:09'),
(51,'study level financial_ne medium career interest visual art cultural art information_technology artificial_intelligence support computer_science diploma mean bas comput digital media department creative art college school comput region mombasa region kenya nationality gender','d306182fab4dd8449f402a988f38cf1446be3a2f','0d7ef017d2c58770ae36df301d34e92aed2d8d81','ir_v1','2026-07-08 11:15:10'),
(52,'study level financial_ne medium career interest undergraduate data_science technology bas comput cultural art mean bas diploma science_technology_engineering_mathematic computer_science support department technology bas comput scholarship support college region region kenya nationality kenyan gender female','1cfb5132ffedc59c61672da7fb2b1a639d773ee0','0d7ef017d2c58770ae36df301d34e92aed2d8d81','ir_v1','2026-07-08 11:15:11'),
(53,'study level financial_ne high career interest student visual art artificial_intelligence computer_science merit bas financial_ne comput computer_science support department information_technology college region kenya region nationality kenyan gender female','7b4ecc012ef50fb7ecc81f73526d97be3c75b1cc','0d7ef017d2c58770ae36df301d34e92aed2d8d81','ir_v1','2026-07-08 11:15:12');
/*!40000 ALTER TABLE `ir_student_documents` ENABLE KEYS */;
UNLOCK TABLES;
COMMIT;
SET AUTOCOMMIT=@OLD_AUTOCOMMIT;

--
-- Table structure for table `ir_student_vectors`
--

DROP TABLE IF EXISTS `ir_student_vectors`;
/*!40101 SET @saved_cs_client     = @@character_set_client */;
/*!40101 SET character_set_client = utf8mb4 */;
CREATE TABLE `ir_student_vectors` (
  `student_id` int(11) NOT NULL,
  `term_id` int(11) NOT NULL,
  `tf_value` double NOT NULL,
  `tfidf_value` double NOT NULL,
  PRIMARY KEY (`student_id`,`term_id`),
  KEY `idx_ir_student_term` (`term_id`),
  CONSTRAINT `fk_ir_student_vectors_student` FOREIGN KEY (`student_id`) REFERENCES `student` (`studentID`) ON DELETE CASCADE ON UPDATE CASCADE,
  CONSTRAINT `fk_ir_student_vectors_term` FOREIGN KEY (`term_id`) REFERENCES `ir_vocabulary` (`term_id`) ON DELETE CASCADE ON UPDATE CASCADE
) ENGINE=InnoDB DEFAULT CHARSET=utf8mb4 COLLATE=utf8mb4_uca1400_ai_ci;
/*!40101 SET character_set_client = @saved_cs_client */;

--
-- Dumping data for table `ir_student_vectors`
--

SET @OLD_AUTOCOMMIT=@@AUTOCOMMIT, @@AUTOCOMMIT=0;
LOCK TABLES `ir_student_vectors` WRITE;
/*!40000 ALTER TABLE `ir_student_vectors` DISABLE KEYS */;
INSERT INTO `ir_student_vectors` VALUES
(49,4,0.02702702702702703,0.06866067678235538),
(49,6,0.02702702702702703,0.03119326161695293),
(49,9,0.05405405405405406,0.10970915768546803),
(49,19,0.05405405405405406,0.09985393839930831),
(49,27,0.02702702702702703,0.04576073460972826),
(49,28,0.02702702702702703,0.06866067678235538),
(49,29,0.02702702702702703,0.06088548563500995),
(49,30,0.08108108108108109,0.10836261378009836),
(49,31,0.05405405405405406,0.07793690552859672),
(49,32,0.05405405405405406,0.06708984090902098),
(49,33,0.02702702702702703,0.06088548563500995),
(49,35,0.05405405405405406,0.10970915768546803),
(49,48,0.02702702702702703,0.06088548563500995),
(49,56,0.02702702702702703,0.07961919321771117),
(49,57,0.02702702702702703,0.03896845276429836),
(49,58,0.02702702702702703,0.07961919321771117),
(49,62,0.02702702702702703,0.07961919321771117),
(49,65,0.02702702702702703,0.06088548563500995),
(49,74,0.02702702702702703,0.06866067678235538),
(49,76,0.02702702702702703,0.07961919321771117),
(49,99,0.02702702702702703,0.07961919321771117),
(49,113,0.05405405405405406,0.09152146921945652),
(50,4,0.03125,0.0793889075295984),
(50,6,0.03125,0.03606720874460182),
(50,9,0.03125,0.0634256067869112),
(50,20,0.03125,0.03606720874460182),
(50,27,0.03125,0.052910849392498294),
(50,28,0.03125,0.0793889075295984),
(50,30,0.0625,0.08352951478882581),
(50,31,0.09375,0.13517182052615995),
(50,32,0.03125,0.03878631427552775),
(50,33,0.03125,0.07039884276548025),
(50,34,0.03125,0.0793889075295984),
(50,35,0.03125,0.0634256067869112),
(50,38,0.03125,0.052910849392498294),
(50,57,0.03125,0.04505727350871998),
(50,62,0.03125,0.09205969215797855),
(50,65,0.03125,0.07039884276548025),
(50,69,0.03125,0.0793889075295984),
(50,74,0.03125,0.0793889075295984),
(50,99,0.03125,0.09205969215797855),
(50,113,0.0625,0.10582169878499659),
(50,121,0.03125,0.09205969215797855),
(51,4,0.03125,0.0793889075295984),
(51,9,0.09375,0.1902768203607336),
(51,19,0.03125,0.057728058137100115),
(51,29,0.03125,0.07039884276548025),
(51,32,0.03125,0.03878631427552775),
(51,33,0.03125,0.07039884276548025),
(51,34,0.03125,0.0793889075295984),
(51,35,0.03125,0.0634256067869112),
(51,37,0.03125,0.09205969215797855),
(51,46,0.03125,0.0793889075295984),
(51,47,0.03125,0.0793889075295984),
(51,48,0.03125,0.07039884276548025),
(51,50,0.03125,0.0793889075295984),
(51,56,0.0625,0.1841193843159571),
(51,57,0.03125,0.04505727350871998),
(51,65,0.03125,0.07039884276548025),
(51,74,0.03125,0.0793889075295984),
(51,76,0.03125,0.09205969215797855),
(51,97,0.03125,0.09205969215797855),
(51,99,0.03125,0.09205969215797855),
(51,113,0.0625,0.10582169878499659),
(52,4,0.030303030303030304,0.0769831830590045),
(52,9,0.030303030303030304,0.061503618702459344),
(52,19,0.030303030303030304,0.05597872304203648),
(52,28,0.030303030303030304,0.0769831830590045),
(52,30,0.030303030303030304,0.0404991586854913),
(52,31,0.06060606060606061,0.08738380316842663),
(52,32,0.09090909090909091,0.11283291425608073),
(52,33,0.030303030303030304,0.06826554449985964),
(52,35,0.030303030303030304,0.061503618702459344),
(52,37,0.030303030303030304,0.08927000451682768),
(52,38,0.030303030303030304,0.051307490319998345),
(52,41,0.030303030303030304,0.08927000451682768),
(52,56,0.06060606060606061,0.17854000903365536),
(52,57,0.06060606060606061,0.08738380316842663),
(52,74,0.030303030303030304,0.0769831830590045),
(52,76,0.030303030303030304,0.08927000451682768),
(52,97,0.030303030303030304,0.08927000451682768),
(52,99,0.030303030303030304,0.08927000451682768),
(52,113,0.06060606060606061,0.10261498063999669),
(53,6,0.037037037037037035,0.042746321475083636),
(53,9,0.037037037037037035,0.07517108952522808),
(53,29,0.037037037037037035,0.08343566549982845),
(53,32,0.037037037037037035,0.045968965067292145),
(53,33,0.07407407407407407,0.1668713309996569),
(53,34,0.037037037037037035,0.09409055707211662),
(53,35,0.07407407407407407,0.15034217905045616),
(53,37,0.037037037037037035,0.10910778329834493),
(53,48,0.037037037037037035,0.08343566549982845),
(53,56,0.037037037037037035,0.10910778329834493),
(53,57,0.037037037037037035,0.053401213047371825),
(53,58,0.037037037037037035,0.10910778329834493),
(53,74,0.037037037037037035,0.09409055707211662),
(53,99,0.037037037037037035,0.10910778329834493),
(53,113,0.07407407407407407,0.12541830967110706);
/*!40000 ALTER TABLE `ir_student_vectors` ENABLE KEYS */;
UNLOCK TABLES;
COMMIT;
SET AUTOCOMMIT=@OLD_AUTOCOMMIT;

--
-- Table structure for table `ir_synonyms`
--

DROP TABLE IF EXISTS `ir_synonyms`;
/*!40101 SET @saved_cs_client     = @@character_set_client */;
/*!40101 SET character_set_client = utf8mb4 */;
CREATE TABLE `ir_synonyms` (
  `variant_term` varchar(191) NOT NULL,
  `canonical_term` varchar(191) NOT NULL,
  PRIMARY KEY (`variant_term`)
) ENGINE=InnoDB DEFAULT CHARSET=utf8mb4 COLLATE=utf8mb4_uca1400_ai_ci;
/*!40101 SET character_set_client = @saved_cs_client */;

--
-- Dumping data for table `ir_synonyms`
--

SET @OLD_AUTOCOMMIT=@@AUTOCOMMIT, @@AUTOCOMMIT=0;
LOCK TABLES `ir_synonyms` WRITE;
/*!40000 ALTER TABLE `ir_synonyms` DISABLE KEYS */;
INSERT INTO `ir_synonyms` VALUES
('ai','artificial intelligence'),
('cs','computer science'),
('cyber security','cybersecurity'),
('financial aid','scholarship funding'),
('ict','information technology'),
('postgrad','postgraduate'),
('software engineering','computer science'),
('stem','science technology engineering mathematics'),
('tech','technology'),
('undergrad','undergraduate');
/*!40000 ALTER TABLE `ir_synonyms` ENABLE KEYS */;
UNLOCK TABLES;
COMMIT;
SET AUTOCOMMIT=@OLD_AUTOCOMMIT;

--
-- Table structure for table `ir_vocabulary`
--

DROP TABLE IF EXISTS `ir_vocabulary`;
/*!40101 SET @saved_cs_client     = @@character_set_client */;
/*!40101 SET character_set_client = utf8mb4 */;
CREATE TABLE `ir_vocabulary` (
  `term_id` int(11) NOT NULL AUTO_INCREMENT,
  `term` varchar(191) NOT NULL,
  `doc_freq` int(11) NOT NULL DEFAULT 0,
  `idf_value` double NOT NULL DEFAULT 0,
  `updated_at` datetime NOT NULL DEFAULT current_timestamp() ON UPDATE current_timestamp(),
  PRIMARY KEY (`term_id`),
  UNIQUE KEY `term` (`term`)
) ENGINE=InnoDB AUTO_INCREMENT=138 DEFAULT CHARSET=utf8mb4 COLLATE=utf8mb4_uca1400_ai_ci;
/*!40101 SET character_set_client = @saved_cs_client */;

--
-- Dumping data for table `ir_vocabulary`
--

SET @OLD_AUTOCOMMIT=@@AUTOCOMMIT, @@AUTOCOMMIT=0;
LOCK TABLES `ir_vocabulary` WRITE;
/*!40000 ALTER TABLE `ir_vocabulary` DISABLE KEYS */;
INSERT INTO `ir_vocabulary` VALUES
(1,'zana',2,2.540445040947149,'2026-07-08 11:15:08'),
(2,'african',2,2.540445040947149,'2026-07-08 11:15:08'),
(3,'foundation',2,2.540445040947149,'2026-07-08 11:15:08'),
(4,'cultural',2,2.540445040947149,'2026-07-08 11:15:08'),
(5,'talent',3,2.252762968495368,'2026-07-08 11:15:08'),
(6,'student',11,1.1541506798272583,'2026-07-08 11:15:08'),
(7,'rich',1,2.9459101490553135,'2026-07-08 11:15:08'),
(8,'sense',1,2.9459101490553135,'2026-07-08 11:15:08'),
(9,'art',4,2.0296194171811583,'2026-07-08 11:15:08'),
(10,'culture',1,2.9459101490553135,'2026-07-08 11:15:08'),
(11,'certificate',2,2.540445040947149,'2026-07-08 11:15:08'),
(12,'participation',1,2.9459101490553135,'2026-07-08 11:15:08'),
(13,'area',1,2.9459101490553135,'2026-07-08 11:15:08'),
(14,'stat',1,2.9459101490553135,'2026-07-08 11:15:08'),
(15,'monthly',1,2.9459101490553135,'2026-07-08 11:15:08'),
(16,'stipend',3,2.252762968495368,'2026-07-08 11:15:08'),
(17,'mentor',2,2.540445040947149,'2026-07-08 11:15:08'),
(18,'assign',1,2.9459101490553135,'2026-07-08 11:15:08'),
(19,'diploma',5,1.8472978603872037,'2026-07-08 11:15:08'),
(20,'low',11,1.1541506798272583,'2026-07-08 11:15:08'),
(21,'addi',2,2.540445040947149,'2026-07-08 11:15:08'),
(22,'ababa',2,2.540445040947149,'2026-07-08 11:15:08'),
(23,'ethiopia',2,2.540445040947149,'2026-07-08 11:15:08'),
(24,'zarah',1,2.9459101490553135,'2026-07-08 11:15:08'),
(25,'helpline',1,2.9459101490553135,'2026-07-08 11:15:08'),
(26,'com',1,2.9459101490553135,'2026-07-08 11:15:08'),
(27,'nairobi',6,1.6931471805599454,'2026-07-08 11:15:08'),
(28,'science_technology_engineering_mathematic',2,2.540445040947149,'2026-07-08 11:15:08'),
(29,'artificial_intelligence',3,2.252762968495368,'2026-07-08 11:15:08'),
(30,'scholarship',9,1.336472236621213,'2026-07-08 11:15:08'),
(31,'technology',8,1.4418327522790393,'2026-07-08 11:15:08'),
(32,'bas',10,1.241162056816888,'2026-07-08 11:15:08'),
(33,'computer_science',3,2.252762968495368,'2026-07-08 11:15:08'),
(34,'information_technology',2,2.540445040947149,'2026-07-08 11:15:08'),
(35,'financial_ne',4,2.0296194171811583,'2026-07-08 11:15:08'),
(36,'kibera',1,2.9459101490553135,'2026-07-08 11:15:08'),
(37,'kenya',1,2.9459101490553135,'2026-07-08 11:15:08'),
(38,'undergraduate',6,1.6931471805599454,'2026-07-08 11:15:08'),
(39,'fellowship',1,2.9459101490553135,'2026-07-08 11:15:08'),
(40,'focus',1,2.9459101490553135,'2026-07-08 11:15:08'),
(41,'data_science',1,2.9459101490553135,'2026-07-08 11:15:08'),
(42,'open',1,2.9459101490553135,'2026-07-08 11:15:08'),
(43,'field',2,2.540445040947149,'2026-07-08 11:15:08'),
(44,'higher',1,2.9459101490553135,'2026-07-08 11:15:08'),
(45,'mathare',1,2.9459101490553135,'2026-07-08 11:15:08'),
(46,'digital',2,2.540445040947149,'2026-07-08 11:15:08'),
(47,'creative',2,2.540445040947149,'2026-07-08 11:15:08'),
(48,'visual',3,2.252762968495368,'2026-07-08 11:15:08'),
(49,'grant',3,2.252762968495368,'2026-07-08 11:15:08'),
(50,'media',2,2.540445040947149,'2026-07-08 11:15:08'),
(51,'portfolio',1,2.9459101490553135,'2026-07-08 11:15:08'),
(52,'preferr',1,2.9459101490553135,'2026-07-08 11:15:08'),
(53,'women',2,2.540445040947149,'2026-07-08 11:15:08'),
(54,'eastland',1,2.9459101490553135,'2026-07-08 11:15:08'),
(55,'appli',2,2.540445040947149,'2026-07-08 11:15:08'),
(56,'comput',1,2.9459101490553135,'2026-07-08 11:15:08'),
(57,'support',8,1.4418327522790393,'2026-07-08 11:15:08'),
(58,'merit',1,2.9459101490553135,'2026-07-08 11:15:08'),
(59,'fund',2,2.540445040947149,'2026-07-08 11:15:08'),
(60,'learner',2,2.540445040947149,'2026-07-08 11:15:08'),
(61,'pursu',3,2.252762968495368,'2026-07-08 11:15:08'),
(62,'program',1,2.9459101490553135,'2026-07-08 11:15:08'),
(63,'encourag',1,2.9459101490553135,'2026-07-08 11:15:08'),
(64,'apply',1,2.9459101490553135,'2026-07-08 11:15:08'),
(65,'mombasa',3,2.252762968495368,'2026-07-08 11:15:08'),
(66,'likoni',1,2.9459101490553135,'2026-07-08 11:15:08'),
(67,'future',2,2.540445040947149,'2026-07-08 11:15:08'),
(68,'innovator',1,2.9459101490553135,'2026-07-08 11:15:08'),
(69,'cybersecurity',2,2.540445040947149,'2026-07-08 11:15:08'),
(70,'software',1,2.9459101490553135,'2026-07-08 11:15:08'),
(71,'project',2,2.540445040947149,'2026-07-08 11:15:08'),
(72,'applicant',1,2.9459101490553135,'2026-07-08 11:15:08'),
(73,'strong',2,2.540445040947149,'2026-07-08 11:15:08'),
(74,'interest',2,2.540445040947149,'2026-07-08 11:15:08'),
(75,'prioritiz',1,2.9459101490553135,'2026-07-08 11:15:08'),
(76,'medium',1,2.9459101490553135,'2026-07-08 11:15:08'),
(77,'nakuru',1,2.9459101490553135,'2026-07-08 11:15:08'),
(78,'rongai',1,2.9459101490553135,'2026-07-08 11:15:08'),
(79,'pt',1,2.9459101490553135,'2026-07-08 11:15:08'),
(80,'ii',1,2.9459101490553135,'2026-07-08 11:15:08'),
(81,'when',1,2.9459101490553135,'2026-07-08 11:15:08'),
(82,'meet',1,2.9459101490553135,'2026-07-08 11:15:08'),
(83,'opportunity',1,2.9459101490553135,'2026-07-08 11:15:08'),
(84,'machine',1,2.9459101490553135,'2026-07-08 11:15:08'),
(85,'learn',2,2.540445040947149,'2026-07-08 11:15:08'),
(86,'award',2,2.540445040947149,'2026-07-08 11:15:08'),
(87,'honor',1,2.9459101490553135,'2026-07-08 11:15:08'),
(88,'kit',1,2.9459101490553135,'2026-07-08 11:15:08'),
(89,'accomodation',1,2.9459101490553135,'2026-07-08 11:15:08'),
(90,'proce',1,2.9459101490553135,'2026-07-08 11:15:08'),
(91,'website',1,2.9459101490553135,'2026-07-08 11:15:08'),
(92,'high_school',1,2.9459101490553135,'2026-07-08 11:15:08'),
(93,'strathmore',1,2.9459101490553135,'2026-07-08 11:15:08'),
(94,'edu',1,2.9459101490553135,'2026-07-08 11:15:08'),
(95,'equity',1,2.9459101490553135,'2026-07-08 11:15:08'),
(96,'acces',1,2.9459101490553135,'2026-07-08 11:15:08'),
(97,'mean',1,2.9459101490553135,'2026-07-08 11:15:08'),
(98,'commitment',1,2.9459101490553135,'2026-07-08 11:15:08'),
(99,'study',1,2.9459101490553135,'2026-07-08 11:15:08'),
(100,'ir',6,1.6931471805599454,'2026-07-08 11:15:08'),
(101,'match',6,1.6931471805599454,'2026-07-08 11:15:08'),
(102,'score',6,1.6931471805599454,'2026-07-08 11:15:08'),
(103,'must',6,1.6931471805599454,'2026-07-08 11:15:08'),
(104,'profile',6,1.6931471805599454,'2026-07-08 11:15:08'),
(105,'complete',6,1.6931471805599454,'2026-07-08 11:15:08'),
(106,'tuition',6,1.6931471805599454,'2026-07-08 11:15:08'),
(107,'mentorship',2,2.540445040947149,'2026-07-08 11:15:08'),
(108,'submit',6,1.6931471805599454,'2026-07-08 11:15:08'),
(109,'requir',6,1.6931471805599454,'2026-07-08 11:15:08'),
(110,'document',6,1.6931471805599454,'2026-07-08 11:15:08'),
(111,'via',6,1.6931471805599454,'2026-07-08 11:15:08'),
(112,'scholarconnect',6,1.6931471805599454,'2026-07-08 11:15:08'),
(113,'region',6,1.6931471805599454,'2026-07-08 11:15:08'),
(114,'local',6,1.6931471805599454,'2026-07-08 11:15:08'),
(115,'http',6,1.6931471805599454,'2026-07-08 11:15:08'),
(116,'growth',1,2.9459101490553135,'2026-07-08 11:15:08'),
(117,'build',1,2.9459101490553135,'2026-07-08 11:15:08'),
(118,'practical',1,2.9459101490553135,'2026-07-08 11:15:08'),
(119,'solution',1,2.9459101490553135,'2026-07-08 11:15:08'),
(120,'aid',2,2.540445040947149,'2026-07-08 11:15:08'),
(121,'engineer',1,2.9459101490553135,'2026-07-08 11:15:08'),
(122,'bursary',1,2.9459101490553135,'2026-07-08 11:15:08'),
(123,'offset',1,2.9459101490553135,'2026-07-08 11:15:08'),
(124,'resource',1,2.9459101490553135,'2026-07-08 11:15:08'),
(125,'coastal',2,2.540445040947149,'2026-07-08 11:15:08'),
(126,'design',2,2.540445040947149,'2026-07-08 11:15:08'),
(127,'studio',1,2.9459101490553135,'2026-07-08 11:15:08'),
(128,'material',1,2.9459101490553135,'2026-07-08 11:15:08'),
(129,'kisumu',1,2.9459101490553135,'2026-07-08 11:15:08'),
(130,'lake',1,2.9459101490553135,'2026-07-08 11:15:08'),
(131,'dedicat',1,2.9459101490553135,'2026-07-08 11:15:08'),
(132,'discipline',1,2.9459101490553135,'2026-07-08 11:15:08'),
(133,'circle',1,2.9459101490553135,'2026-07-08 11:15:08'),
(134,'select',1,2.9459101490553135,'2026-07-08 11:15:08'),
(135,'creator',1,2.9459101490553135,'2026-07-08 11:15:08'),
(136,'storytell',1,2.9459101490553135,'2026-07-08 11:15:08'),
(137,'toolkit',1,2.9459101490553135,'2026-07-08 11:15:08');
/*!40000 ALTER TABLE `ir_vocabulary` ENABLE KEYS */;
UNLOCK TABLES;
COMMIT;
SET AUTOCOMMIT=@OLD_AUTOCOMMIT;

--
-- Table structure for table `reset_password`
--

DROP TABLE IF EXISTS `reset_password`;
/*!40101 SET @saved_cs_client     = @@character_set_client */;
/*!40101 SET character_set_client = utf8mb4 */;
CREATE TABLE `reset_password` (
  `upMail` varchar(255) NOT NULL,
  `num` int(8) NOT NULL
) ENGINE=InnoDB DEFAULT CHARSET=latin1 COLLATE=latin1_swedish_ci;
/*!40101 SET character_set_client = @saved_cs_client */;

--
-- Dumping data for table `reset_password`
--

SET @OLD_AUTOCOMMIT=@@AUTOCOMMIT, @@AUTOCOMMIT=0;
LOCK TABLES `reset_password` WRITE;
/*!40000 ALTER TABLE `reset_password` DISABLE KEYS */;
INSERT INTO `reset_password` VALUES
('dishantd999@gmail.com',744014),
('dishantd999@gmail.com',287736),
('dishantd999@gmail.com',851718),
('dishantd999@gmail.com',517402),
('dishantd999@gmail.com',979640),
('yuprivatebaddest21@gmail.com',307435),
('yuprivatebaddest21@gmail.com',253931),
('yuprivatebaddest21@gmail.com',212853),
('yuprivatebaddest21@gmail.com',501868),
('yuprivatebaddest21@gmail.com',992732);
/*!40000 ALTER TABLE `reset_password` ENABLE KEYS */;
UNLOCK TABLES;
COMMIT;
SET AUTOCOMMIT=@OLD_AUTOCOMMIT;

--
-- Table structure for table `scholarship`
--

DROP TABLE IF EXISTS `scholarship`;
/*!40101 SET @saved_cs_client     = @@character_set_client */;
/*!40101 SET character_set_client = utf8mb4 */;
CREATE TABLE `scholarship` (
  `scholarshipID` int(11) NOT NULL AUTO_INCREMENT,
  `sigID` int(11) NOT NULL,
  `schname` varchar(255) NOT NULL,
  `schlocation` varchar(255) NOT NULL,
  `schlocationfrom` varchar(255) NOT NULL,
  `degree` varchar(255) NOT NULL,
  `gender` varchar(20) NOT NULL,
  `target_financial_need` enum('Any','Low','Medium','High','Critical') DEFAULT 'Any',
  `religion` varchar(55) NOT NULL,
  `sch` varchar(30) NOT NULL,
  `appDeadline` date NOT NULL,
  `granteesNum` int(11) NOT NULL,
  `funding` varchar(20) NOT NULL,
  `description` varchar(4095) NOT NULL,
  `eligibility` varchar(4095) NOT NULL,
  `benefits` varchar(4095) NOT NULL,
  `apply` varchar(4095) NOT NULL,
  `links` varchar(1024) NOT NULL,
  `contact` varchar(1024) NOT NULL,
  `adminapproval` varchar(20) NOT NULL,
  `approved_at` datetime DEFAULT NULL,
  `previous_adminapproval` varchar(20) NOT NULL,
  `schstatus` varchar(20) NOT NULL DEFAULT 'active',
  PRIMARY KEY (`scholarshipID`),
  KEY `fk_scholarship_signatory` (`sigID`),
  CONSTRAINT `fk_scholarship_signatory` FOREIGN KEY (`sigID`) REFERENCES `signatory` (`sigID`) ON DELETE CASCADE ON UPDATE CASCADE
) ENGINE=InnoDB AUTO_INCREMENT=1160 DEFAULT CHARSET=latin1 COLLATE=latin1_swedish_ci;
/*!40101 SET character_set_client = @saved_cs_client */;

--
-- Dumping data for table `scholarship`
--

SET @OLD_AUTOCOMMIT=@@AUTOCOMMIT, @@AUTOCOMMIT=0;
LOCK TABLES `scholarship` WRITE;
/*!40000 ALTER TABLE `scholarship` DISABLE KEYS */;
INSERT INTO `scholarship` VALUES
(34,9,'Test 1','Nairobi','Kibera','select','select','Any','','sports_talent','2026-06-20',10,'$400','testtt','testtt','testtt','testtt','testtt','testtt','Approved',NULL,'Pending','active'),
(35,9,'MICROSOFT FELLOWSHIP','Nairobi','Mathare','diploma','male+female','Low','','technology_based','2026-06-18',10,'$400','This is the description','computer knowledge','Accomodation','Contact us.','https://teams.cloud.microsoft/','Contact us','Approved',NULL,'Pending','active'),
(36,9,'MICROSOFT FELLOWSHIP PT II','Nairobi','Kibera','undergraduate','male+female','Low','','technology_based','2026-06-20',23,'$4000','Endless fun!!','Come prepared','Accomodation','contact us','https://teams.cloud.microsoft/','https://teams.cloud.microsoft/','Approved',NULL,'Pending','active'),
(37,9,'MICROSOFT FELLOWSHIP PT III','Nairobi','Kibera','diploma','male+female','Low','','technology_based','2026-06-26',10,'$400','Awsomeness extends','computer awareness','accomodation','','','','Approved',NULL,'Pending','active'),
(38,9,'Zana African foundation','Addis Ababa','Ethiopia','diploma','male+female','Low','','cultural_talent','2026-07-30',100,'$4000','A student with a rich sense in  the arts and culture','Certificates of participation in the areas stated.','A monthly stipend of $500\r\nMentors will be assigned.','','','zarah@helpline.com','Approved',NULL,'Pending','active'),
(39,9,'MICROSOFT FELLOWSHIP PT V','Addis Ababa','Kenya','diploma','male+female','Low','','technology_based','2026-07-11',3,'$500','Endless fun.','Computer knowledge.','Travel and accomodation.','Apply from the website.','https://web.whatsapp.com/','+254712567899','Rejected','2026-07-02 11:11:43','Rejected','active'),
(40,9,'Nairobi STEM AI Scholarship','Nairobi','Kibera','diploma','male+female','Low','','technology_based','2027-01-01',30,'$1200','Scholarship for diploma students in computer science, ICT and artificial intelligence.','Technology Based, STEM, AI, computer science students with financial need.','','','','','Approved',NULL,'Approved','active'),
(41,9,'Kenya Undergraduate Tech Fellowship','Nairobi','Mathare','undergraduate','male+female','Low','','technology_based','2027-01-01',30,'$2500','Undergraduate fellowship focused on software engineering and data science.','Open to undergraduate students in technology based fields with low or higher financial need.','','','','','Approved',NULL,'Approved','active'),
(42,9,'Digital Creatives Visual Art Grant','Nairobi','Eastlands','undergraduate','female','Low','','cultural_arts','2027-01-01',30,'$1800','Visual art and digital media scholarship for creative students.','Visual Art and technology based portfolio preferred for undergraduate women.','','','','','Approved',NULL,'Approved','active'),
(43,9,'Applied Computing Diploma Support','Mombasa','Likoni','diploma','male+female','Any','','merit_based','2027-01-01',30,'$900','Funding for diploma learners pursuing IT, ICT, and computing programs.','Diploma students in information technology or computer science are encouraged to apply.','','','','','Approved',NULL,'Approved','active'),
(44,9,'Future Innovators Scholarship','Nakuru','Rongai','undergraduate','male+female','Medium','','technology_based','2027-01-01',30,'$3000','Scholarship supports AI, cybersecurity and software projects for undergraduates.','Undergraduate applicants with strong technology based interest and financial need are prioritized.','','','','','Approved',NULL,'Approved','active'),
(45,9,'Zana African foundation PT II','Addis Ababa','Ethiopia','high school','male+female','Low','','technology_based','2026-07-25',10,'$4000','When talents meet opportunity.','Interest in cybersecurity,AI and machine learning\r\ncertificates\r\nAwards and honors in the field','Kits, accomodation, Stipend','Proceed to the website.','strathmore.edu','+2540200900645','Approved',NULL,'Pending','active'),
(48,9,'Equity Access Scholarship 2027','Nairobi','All regions','diploma','male+female','Low','','means_based','2027-02-15',20,'$800','Support for diploma students with financial need and strong commitment to studies.','IR matching score must be >30% and student profile must be complete.','Tuition support and mentorship.','Submit profile and required supporting documents via ScholarConnect.','https://scholarconnect.local/scholarships/equity-access','scholarships@scholarconnect.local','Approved',NULL,'Pending','active'),
(49,9,'STEM Growth Grant 2027','Nairobi','All regions','undergraduate','male+female','Low','','technology_based','2027-02-20',20,'$1200','Funding for undergraduate learners building practical technology solutions.','IR matching score must be >30% and student profile must be complete.','Tuition aid, project stipend, and mentor support.','Submit profile and required supporting documents via ScholarConnect.','https://scholarconnect.local/scholarships/stem-growth','scholarships@scholarconnect.local','Approved',NULL,'Pending','active'),
(50,9,'Future Engineers Bursary','Mombasa','Coastal region','undergraduate','male+female','Low','','technology_based','2027-02-25',20,'$1000','Scholarship for undergraduate students pursuing engineering and applied technology.','IR matching score must be >30% and student profile must be complete.','Tuition offset and learning resources.','Submit profile and required supporting documents via ScholarConnect.','https://scholarconnect.local/scholarships/future-engineers','scholarships@scholarconnect.local','Approved',NULL,'Pending','active'),
(51,9,'Creative Talent Scholarship','Kisumu','Lake region','diploma','male+female','Low','','visual_art','2027-03-01',20,'$900','Support for creative diploma students in visual arts and design.','IR matching score must be >30% and student profile must be complete.','Tuition support and studio materials grant.','Submit profile and required supporting documents via ScholarConnect.','https://scholarconnect.local/scholarships/creative-talent','scholarships@scholarconnect.local','Approved',NULL,'Pending','active'),
(52,9,'Merit Progress Award I','Nakuru','Rift Valley','diploma','male+female','Low','','merit_based','2027-03-05',20,'$700','Merit scholarship for students showing steady academic progress.','IR matching score must be >30% and student profile must be complete.','Tuition support.','Submit profile and required supporting documents via ScholarConnect.','https://scholarconnect.local/scholarships/merit-progress-1','scholarships@scholarconnect.local','Pending',NULL,'Rejected','active'),
(53,9,'Merit Progress Award II','Nakuru','Rift Valley','undergraduate','male+female','Low','','merit_based','2027-03-08',20,'$1100','Merit scholarship for undergraduate students with consistent performance.','IR matching score must be >30% and student profile must be complete.','Tuition support and learning stipend.','Submit profile and required supporting documents via ScholarConnect.','https://scholarconnect.local/scholarships/merit-progress-2','scholarships@scholarconnect.local','Rejected',NULL,'Rejected','active'),
(54,9,'Science Impact Scholarship','Eldoret','All regions','undergraduate','male+female','Low','','science_maths_based','2027-03-12',20,'$1150','Scholarship for science and mathematics-focused learners.','IR matching score must be >30% and student profile must be complete.','Lab and tuition support.','Submit profile and required supporting documents via ScholarConnect.','https://scholarconnect.local/scholarships/science-impact','scholarships@scholarconnect.local','Rejected',NULL,'Rejected','active'),
(55,9,'Sports Potential Fund','Nairobi','All regions','diploma','male+female','Low','','sports_talent','2027-03-15',20,'$850','Assistance for student-athletes balancing academics and sports.','IR matching score must be >30% and student profile must be complete.','Tuition aid and training grant.','Submit profile and required supporting documents via ScholarConnect.','https://scholarconnect.local/scholarships/sports-potential','scholarships@scholarconnect.local','Rejected',NULL,'Rejected','active'),
(56,9,'Community Leader Grant','Machakos','Eastern region','diploma','male+female','Low','','means_based','2027-03-18',20,'$750','Support for students demonstrating community leadership.','IR matching score must be >30% and student profile must be complete.','Tuition aid and leadership training.','Submit profile and required supporting documents via ScholarConnect.','https://scholarconnect.local/scholarships/community-leader','scholarships@scholarconnect.local','Pending',NULL,'Rejected','active'),
(57,9,'Women In Tech Scholarship','Nairobi','All regions','select','female','Low','','technology_based','2027-03-22',20,'$1300','Dedicated support for women pursuing technology disciplines.','IR matching score must be >30% and student profile must be complete.','Tuition support and mentorship circles.','Submit profile and required supporting documents via ScholarConnect.','https://scholarconnect.local/scholarships/women-in-tech','scholarships@scholarconnect.local','Approved',NULL,'Pending','active'),
(58,9,'Inclusive Access Bursary','Kakamega','Western region','diploma','male+female','Low','','means_based','2027-03-25',20,'$780','Bursary focused on equitable access for financially constrained students.','IR matching score must be >30% and student profile must be complete.','Tuition subsidy and basic supplies support.','Submit profile and required supporting documents via ScholarConnect.','https://scholarconnect.local/scholarships/inclusive-access','scholarships@scholarconnect.local','Pending',NULL,'Rejected','active'),
(59,9,'Green Innovation Scholarship','Nairobi','All regions','undergraduate','male+female','Low','','science_maths_based','2027-03-28',20,'$1250','Scholarship for projects in sustainability and green innovation.','IR matching score must be >30% and student profile must be complete.','Project grant and tuition support.','Submit profile and required supporting documents via ScholarConnect.','https://scholarconnect.local/scholarships/green-innovation','scholarships@scholarconnect.local','Rejected',NULL,'Rejected','active'),
(60,9,'Digital Creators Award','Mombasa','Coastal region','undergraduate','male+female','Low','','visual_art','2027-04-02',20,'$980','Support for digital creators in design, media, and visual storytelling.','IR matching score must be >30% and student profile must be complete.','Tuition aid and creator toolkit support.','Submit profile and required supporting documents via ScholarConnect.','https://scholarconnect.local/scholarships/digital-creators','scholarships@scholarconnect.local','Approved',NULL,'Pending','active'),
(61,9,'Rural Scholars Support','Kisii','Nyanza region','diploma','male+female','Low','','means_based','2027-04-06',20,'$760','Scholarship for students from underserved rural communities.','IR matching score must be >30% and student profile must be complete.','Tuition support and transport allowance.','Submit profile and required supporting documents via ScholarConnect.','https://scholarconnect.local/scholarships/rural-scholars','scholarships@scholarconnect.local','Pending',NULL,'Rejected','active'),
(62,9,'Entrepreneurship Seed Scholarship','Nairobi','All regions','undergraduate','male+female','Low','','technology_based','2027-04-10',20,'$1400','Scholarship for students building startup or social venture ideas.','IR matching score must be >30% and student profile must be complete.','Tuition and startup incubation support.','Submit profile and required supporting documents via ScholarConnect.','https://scholarconnect.local/scholarships/entrepreneurship-seed','scholarships@scholarconnect.local','Pending',NULL,'Rejected','active'),
(63,9,'Academic Resilience Grant','Kericho','Rift Valley','diploma','male+female','Low','','merit_based','2027-04-14',20,'$820','Grant for students who have shown persistence despite hardship.','IR matching score must be >30% and student profile must be complete.','Tuition assistance and academic coaching.','Submit profile and required supporting documents via ScholarConnect.','https://scholarconnect.local/scholarships/academic-resilience','scholarships@scholarconnect.local','Pending',NULL,'Rejected','active'),
(64,9,'Health Sciences Opportunity Fund','Nairobi','All regions','undergraduate','male+female','Low','','science_maths_based','2027-04-18',20,'$1350','Funding for students in health and biomedical tracks.','IR matching score must be >30% and student profile must be complete.','Tuition support and lab placement support.','Submit profile and required supporting documents via ScholarConnect.','https://scholarconnect.local/scholarships/health-sciences','scholarships@scholarconnect.local','Pending',NULL,'Rejected','active'),
(65,9,'Applied Math Scholars Award','Eldoret','All regions','undergraduate','male+female','Low','','science_maths_based','2027-04-22',20,'$1180','Award for learners focusing on applied mathematics and analytics.','IR matching score must be >30% and student profile must be complete.','Tuition aid and analytics workshop access.','Submit profile and required supporting documents via ScholarConnect.','https://scholarconnect.local/scholarships/applied-math','scholarships@scholarconnect.local','Rejected',NULL,'Rejected','active'),
(66,9,'Emerging Developers Bursary','Nairobi','All regions','diploma','male+female','Low','','technology_based','2027-04-26',20,'$920','Bursary for aspiring software and web developers.','IR matching score must be >30% and student profile must be complete.','Tuition support and coding bootcamp voucher.','Submit profile and required supporting documents via ScholarConnect.','https://scholarconnect.local/scholarships/emerging-developers','scholarships@scholarconnect.local','Rejected',NULL,'Rejected','active'),
(67,9,'Opportunity Bridge Scholarship','Thika','Central region','undergraduate','male+female','Low','','means_based','2027-04-30',20,'$1050','Bridge scholarship to expand opportunity for high-potential students.','IR matching score must be >30% and student profile must be complete.','Tuition support and mentorship.','Submit profile and required supporting documents via ScholarConnect.','https://scholarconnect.local/scholarships/opportunity-bridge','scholarships@scholarconnect.local','Pending',NULL,'Rejected','active');
/*!40000 ALTER TABLE `scholarship` ENABLE KEYS */;
UNLOCK TABLES;
COMMIT;
SET AUTOCOMMIT=@OLD_AUTOCOMMIT;

--
-- Table structure for table `signatory`
--

DROP TABLE IF EXISTS `signatory`;
/*!40101 SET @saved_cs_client     = @@character_set_client */;
/*!40101 SET character_set_client = utf8mb4 */;
CREATE TABLE `signatory` (
  `sigID` int(11) NOT NULL AUTO_INCREMENT,
  `upMail` varchar(255) NOT NULL,
  `password` text NOT NULL,
  `firstName` varchar(255) DEFAULT '',
  `middleName` varchar(255) DEFAULT '',
  `lastName` varchar(255) DEFAULT '',
  `organization/university` varchar(255) DEFAULT '',
  `position` varchar(255) DEFAULT '',
  `contact` varchar(12) DEFAULT '',
  `status` varchar(20) NOT NULL DEFAULT 'active',
  PRIMARY KEY (`sigID`)
) ENGINE=InnoDB AUTO_INCREMENT=10 DEFAULT CHARSET=latin1 COLLATE=latin1_swedish_ci;
/*!40101 SET character_set_client = @saved_cs_client */;

--
-- Dumping data for table `signatory`
--

SET @OLD_AUTOCOMMIT=@@AUTOCOMMIT, @@AUTOCOMMIT=0;
LOCK TABLES `signatory` WRITE;
/*!40000 ALTER TABLE `signatory` DISABLE KEYS */;
INSERT INTO `signatory` VALUES
(9,'yuprivatebaddest21@gmail.com','$2y$12$juv9EEfeVrwQqSCJLG9GoOPzfmwx2B6MQxFxh8kOElIE1Ami5I4IW','Ingridius','Finelite','Finelite','','Taraaa','','active');
/*!40000 ALTER TABLE `signatory` ENABLE KEYS */;
UNLOCK TABLES;
COMMIT;
SET AUTOCOMMIT=@OLD_AUTOCOMMIT;

--
-- Table structure for table `sms_dispatch_log`
--

DROP TABLE IF EXISTS `sms_dispatch_log`;
/*!40101 SET @saved_cs_client     = @@character_set_client */;
/*!40101 SET character_set_client = utf8mb4 */;
CREATE TABLE `sms_dispatch_log` (
  `log_id` int(11) NOT NULL AUTO_INCREMENT,
  `recipient` varchar(32) NOT NULL,
  `message_preview` varchar(255) NOT NULL,
  `message_type` varchar(50) NOT NULL DEFAULT 'general',
  `trigger_source` varchar(50) NOT NULL DEFAULT 'manual',
  `provider_http_code` int(11) NOT NULL DEFAULT 0,
  `provider_status` varchar(20) NOT NULL DEFAULT 'failed',
  `provider_message` varchar(255) NOT NULL DEFAULT '',
  `created_at` datetime NOT NULL DEFAULT current_timestamp(),
  PRIMARY KEY (`log_id`),
  KEY `idx_sms_dispatch_log_created_at` (`created_at`),
  KEY `idx_sms_dispatch_log_status` (`provider_status`)
) ENGINE=InnoDB AUTO_INCREMENT=56 DEFAULT CHARSET=utf8mb4 COLLATE=utf8mb4_uca1400_ai_ci;
/*!40101 SET character_set_client = @saved_cs_client */;

--
-- Dumping data for table `sms_dispatch_log`
--

SET @OLD_AUTOCOMMIT=@@AUTOCOMMIT, @@AUTOCOMMIT=0;
LOCK TABLES `sms_dispatch_log` WRITE;
/*!40000 ALTER TABLE `sms_dispatch_log` DISABLE KEYS */;
INSERT INTO `sms_dispatch_log` VALUES
(1,'+254732057367','New Scholarship Alert! \'MICROSOFT FELLOWSHIP PT V\' matches your profile. Log in to ScholarConnect to apply.','new_scholarship_alert','admin_approval',201,'sent','Sent to 1/1 Total Cost: TZS 17.3417 Message parts: 1','2026-07-02 11:11:52'),
(2,'+254732057367','ScholarConnect: Hi Ingridius Kisiwani, your application for \'MICROSOFT FELLOWSHIP PT V\' has been approved and is now processing.','general','manual',201,'sent','Sent to 1/1 Total Cost: TZS 17.3417 Message parts: 1','2026-07-02 11:16:58'),
(3,'+254732057367','ScholarConnect: Hi Ingridius Kisiwani, your application for \'MICROSOFT FELLOWSHIP PT III\' has been approved and is now processing.','general','manual',201,'sent','Sent to 1/1 Total Cost: TZS 17.3417 Message parts: 1','2026-07-02 11:17:13'),
(4,'+254732057367','ScholarConnect: Hi Ingridius Kisiwani, your application for \'MICROSOFT FELLOWSHIP\' has been approved and is now processing.','general','manual',201,'sent','Sent to 1/1 Total Cost: TZS 17.3417 Message parts: 1','2026-07-02 11:18:34'),
(5,'single','ScholarConnect [Matched Scholarships]: Hi Natalie Chelagat, your current top matches are 1) Digital Creatives Visual Art Grant why: art, visual | 2) Future Innovators Scholarship why: undergraduate, interest. Log in to apply.','matched_scholarships','manual',201,'sent','Sent to 1/1 Total Cost: TZS 34.6833 Message parts: 2','2026-07-06 21:48:56'),
(6,'single','ScholarConnect [Matched Scholarships]: Hi Ingridius Kisiwani, there are currently no new scholarships meeting eligibility from our listings for your profile.','matched_scholarships','manual',201,'sent','Sent to 1/1 Total Cost: TZS 17.3417 Message parts: 1','2026-07-06 21:50:10'),
(7,'single','ScholarConnect [Matched Scholarships]: Hi Natalie Chelagat, your current top matches are 1) Digital Creatives Visual Art Grant why: art, visual | 2) Future Innovators Scholarship why: undergraduate, interest. Log in to apply.','matched_scholarships','manual',201,'sent','Sent to 1/1 Total Cost: TZS 34.6833 Message parts: 2','2026-07-06 21:50:13'),
(8,'single','ScholarConnect [Profile Reminder]: Hi Rita Kamau, your profile is 18% complete. Please update missing details to improve scholarship review readiness.','general','manual',201,'sent','Sent to 1/1 Total Cost: TZS 17.3417 Message parts: 1','2026-07-08 07:48:42'),
(9,'single','ScholarConnect [Profile Reminder]: Hi Brian Otieno, your profile is 18% complete. Please update missing details to improve scholarship review readiness.','general','manual',201,'sent','Sent to 1/1 Total Cost: TZS 17.3417 Message parts: 1','2026-07-08 07:48:43'),
(10,'single','ScholarConnect [Profile Reminder]: Hi Lydia Mwangi, your profile is 18% complete. Please update missing details to improve scholarship review readiness.','general','manual',201,'sent','Sent to 1/1 Total Cost: TZS 17.3417 Message parts: 1','2026-07-08 07:48:44'),
(11,'single','ScholarConnect [Profile Reminder]: Hi Rita Kamau, your profile is 18% complete. Please update missing details to improve scholarship review readiness.','general','manual',201,'sent','Sent to 1/1 Total Cost: TZS 17.3417 Message parts: 1','2026-07-08 08:09:17'),
(12,'single','ScholarConnect [Profile Reminder]: Hi Brian Otieno, your profile is 18% complete. Please update missing details to improve scholarship review readiness.','general','manual',201,'sent','Sent to 1/1 Total Cost: TZS 17.3417 Message parts: 1','2026-07-08 08:09:17'),
(13,'single','ScholarConnect [Profile Reminder]: Hi Lydia Mwangi, your profile is 18% complete. Please update missing details to improve scholarship review readiness.','general','manual',201,'sent','Sent to 1/1 Total Cost: TZS 17.3417 Message parts: 1','2026-07-08 08:09:18'),
(14,'single','ScholarConnect: Hi Natalie Chelagat, your application for \'MICROSOFT FELLOWSHIP\' has been rejected. Please review your details and other opportunities.','general','manual',201,'sent','Sent to 1/1 Total Cost: TZS 17.3417 Message parts: 1','2026-07-08 09:08:32'),
(15,'single','ScholarConnect [Profile Reminder]: Hi Rita Kamau, your profile is 45% complete. Please update missing details to improve scholarship review readiness.','general','manual',201,'sent','Sent to 1/1 Total Cost: TZS 17.3417 Message parts: 1','2026-07-08 09:09:17'),
(16,'single','ScholarConnect [Profile Reminder]: Hi Brian Otieno, your profile is 36% complete. Please update missing details to improve scholarship review readiness.','general','manual',201,'sent','Sent to 1/1 Total Cost: TZS 17.3417 Message parts: 1','2026-07-08 09:09:18'),
(17,'single','ScholarConnect [Profile Reminder]: Hi Lydia Mwangi, your profile is 45% complete. Please update missing details to improve scholarship review readiness.','general','manual',201,'sent','Sent to 1/1 Total Cost: TZS 17.3417 Message parts: 1','2026-07-08 09:09:19'),
(18,'single','ScholarConnect [Profile Completion]: Hi Natalie Chelagat, please update missing profile details to improve your scholarship eligibility ranking.','profile_completion','manual',201,'sent','Sent to 1/1 Total Cost: TZS 17.3417 Message parts: 1','2026-07-08 10:50:58'),
(19,'single','ScholarConnect [Matched Scholarships]: Hi Ingridius Kisiwani, your current top matches are 1) TMP_TARGET_49_180 why: art, merit | 2) Nairobi STEM AI Scholarship why: artificial intelligence, diploma | 3) Applied Computing Diploma Support why: diploma, com','matched_scholarships','manual',0,'failed','cURL Error: TLS connect error: error:0A00010B:SSL routines::wrong version number','2026-07-08 10:51:42'),
(20,'single','ScholarConnect [Matched Scholarships]: Hi Natalie Chelagat, your current top matches are 1) TMP_TARGET_50_180 why: technology, cultural | 2) Future Innovators Scholarship why: technology, undergraduate | 3) Future Engineers Bursary why: engineer, technolo','matched_scholarships','manual',201,'sent','Sent to 1/1 Total Cost: TZS 34.6833 Message parts: 2','2026-07-08 10:51:43'),
(21,'single','ScholarConnect [Matched Scholarships]: Hi Rita Kamau, your current top matches are 1) Digital Creatives Visual Art Grant why: art, digital | 2) TMP_TARGET_49_180 why: art, cultural | 3) Applied Computing Diploma Support why: comput, diploma. Log in to app','matched_scholarships','manual',201,'sent','Sent to 1/1 Total Cost: TZS 34.6833 Message parts: 2','2026-07-08 10:51:44'),
(22,'single','ScholarConnect [Matched Scholarships]: Hi Brian Otieno, your current top matches are 1) TMP_TARGET_50_180 why: cultural, bas | 2) Applied Computing Diploma Support why: comput, diploma | 3) Kenya Undergraduate Tech Fellowship why: undergraduate, technolog','matched_scholarships','manual',201,'sent','Sent to 1/1 Total Cost: TZS 34.6833 Message parts: 2','2026-07-08 10:51:45'),
(23,'single','ScholarConnect [Matched Scholarships]: Hi Lydia Mwangi, your current top matches are 1) TMP_TARGET_49_180 why: merit, art | 2) Nairobi STEM AI Scholarship why: computer science, artificial intelligence | 3) Applied Computing Diploma Support why: comput, i','matched_scholarships','manual',201,'sent','Sent to 1/1 Total Cost: TZS 34.6833 Message parts: 2','2026-07-08 10:51:47'),
(24,'single','ScholarConnect [Deadline Reminder]: Hi Ingridius Kisiwani, remember to complete your scholarship applications before the posted deadlines in your dashboard.','deadline_reminder','manual',201,'sent','Sent to 1/1 Total Cost: TZS 17.3417 Message parts: 1','2026-07-08 10:52:32'),
(25,'single','ScholarConnect [Deadline Reminder]: Hi Natalie Chelagat, remember to complete your scholarship applications before the posted deadlines in your dashboard.','deadline_reminder','manual',201,'sent','Sent to 1/1 Total Cost: TZS 17.3417 Message parts: 1','2026-07-08 10:52:34'),
(26,'single','ScholarConnect [Deadline Reminder]: Hi Rita Kamau, remember to complete your scholarship applications before the posted deadlines in your dashboard.','deadline_reminder','manual',201,'sent','Sent to 1/1 Total Cost: TZS 17.3417 Message parts: 1','2026-07-08 10:52:35'),
(27,'single','ScholarConnect [Deadline Reminder]: Hi Brian Otieno, remember to complete your scholarship applications before the posted deadlines in your dashboard.','deadline_reminder','manual',201,'sent','Sent to 1/1 Total Cost: TZS 17.3417 Message parts: 1','2026-07-08 10:52:36'),
(28,'single','ScholarConnect [Deadline Reminder]: Hi Lydia Mwangi, remember to complete your scholarship applications before the posted deadlines in your dashboard.','deadline_reminder','manual',201,'sent','Sent to 1/1 Total Cost: TZS 17.3417 Message parts: 1','2026-07-08 10:52:47'),
(29,'single','ScholarConnect [Profile Completion]: Hi Ingridius Kisiwani, please update missing profile details to improve your scholarship eligibility ranking.','profile_completion','manual',201,'sent','Sent to 1/1 Total Cost: TZS 17.3417 Message parts: 1','2026-07-08 10:53:32'),
(30,'single','ScholarConnect [Profile Completion]: Hi Natalie Chelagat, please update missing profile details to improve your scholarship eligibility ranking.','profile_completion','manual',201,'sent','Sent to 1/1 Total Cost: TZS 17.3417 Message parts: 1','2026-07-08 10:53:33'),
(31,'single','ScholarConnect [Profile Completion]: Hi Rita Kamau, please update missing profile details to improve your scholarship eligibility ranking.','profile_completion','manual',201,'sent','Sent to 1/1 Total Cost: TZS 17.3417 Message parts: 1','2026-07-08 10:53:34'),
(32,'single','ScholarConnect [Profile Completion]: Hi Brian Otieno, please update missing profile details to improve your scholarship eligibility ranking.','profile_completion','manual',201,'sent','Sent to 1/1 Total Cost: TZS 17.3417 Message parts: 1','2026-07-08 10:53:35'),
(33,'single','ScholarConnect [Profile Completion]: Hi Lydia Mwangi, please update missing profile details to improve your scholarship eligibility ranking.','profile_completion','manual',201,'sent','Sent to 1/1 Total Cost: TZS 17.3417 Message parts: 1','2026-07-08 10:53:36'),
(34,'single','ScholarConnect [Matched Scholarships]: Hi Ingridius Kisiwani, your current top matches are 1) TMP_TARGET_49_180 why: art, merit | 2) Nairobi STEM AI Scholarship why: artificial intelligence, diploma | 3) Applied Computing Diploma Support why: diploma, com','matched_scholarships','manual',0,'failed','cURL Error: TLS connect error: error:0A00010B:SSL routines::wrong version number','2026-07-08 10:58:25'),
(35,'single','ScholarConnect [Matched Scholarships]: Hi Ingridius Kisiwani, your current top matches are 1) TMP_TARGET_49_180 why: art, merit | 2) Nairobi STEM AI Scholarship why: artificial intelligence, diploma | 3) Applied Computing Diploma Support why: diploma, com','matched_scholarships','manual',201,'sent','Sent to 1/1 Total Cost: TZS 34.6833 Message parts: 2','2026-07-08 11:01:48'),
(36,'single','ScholarConnect [Matched Scholarships]: Hi Ingridius Kisiwani, your current top matches are 1) TMP_TARGET_49_180 why: art, merit | 2) Nairobi STEM AI Scholarship why: artificial intelligence, diploma | 3) Applied Computing Diploma Support why: diploma, com','matched_scholarships','manual',201,'sent','Sent to 1/1 Total Cost: TZS 34.6833 Message parts: 2','2026-07-08 11:02:12'),
(37,'single','ScholarConnect [Matched Scholarships]: Hi Natalie Chelagat, your current top matches are 1) TMP_TARGET_50_180 why: technology, cultural | 2) Future Innovators Scholarship why: technology, undergraduate | 3) Future Engineers Bursary why: engineer, technolo','matched_scholarships','manual',201,'sent','Sent to 1/1 Total Cost: TZS 34.6833 Message parts: 2','2026-07-08 11:02:13'),
(38,'single','ScholarConnect [Matched Scholarships]: Hi Rita Kamau, your current top matches are 1) Digital Creatives Visual Art Grant why: art, digital | 2) TMP_TARGET_49_180 why: art, cultural | 3) Applied Computing Diploma Support why: comput, diploma. Log in to app','matched_scholarships','manual',201,'sent','Sent to 1/1 Total Cost: TZS 34.6833 Message parts: 2','2026-07-08 11:02:14'),
(39,'single','ScholarConnect [Matched Scholarships]: Hi Brian Otieno, your current top matches are 1) TMP_TARGET_50_180 why: cultural, bas | 2) Applied Computing Diploma Support why: comput, diploma | 3) Kenya Undergraduate Tech Fellowship why: undergraduate, technolog','matched_scholarships','manual',201,'sent','Sent to 1/1 Total Cost: TZS 34.6833 Message parts: 2','2026-07-08 11:02:15'),
(40,'single','ScholarConnect [Matched Scholarships]: Hi Lydia Mwangi, your current top matches are 1) TMP_TARGET_49_180 why: merit, art | 2) Nairobi STEM AI Scholarship why: computer science, artificial intelligence | 3) Applied Computing Diploma Support why: comput, i','matched_scholarships','manual',201,'sent','Sent to 1/1 Total Cost: TZS 34.6833 Message parts: 2','2026-07-08 11:02:16'),
(41,'single','ScholarConnect [Matched Scholarships]: Hi Ingridius Kisiwani, your current top matches are 1) TMP_TARGET_49_180 why: art, merit | 2) Nairobi STEM AI Scholarship why: artificial intelligence, diploma | 3) Applied Computing Diploma Support why: diploma, com','matched_scholarships','manual',201,'sent','Sent to 1/1 Total Cost: TZS 34.6833 Message parts: 2','2026-07-08 11:04:41'),
(42,'single','ScholarConnect [Matched Scholarships]: Hi Natalie Chelagat, your current top matches are 1) TMP_TARGET_50_180 why: technology, cultural | 2) Future Innovators Scholarship why: technology, undergraduate | 3) Future Engineers Bursary why: engineer, technolo','matched_scholarships','manual',201,'sent','Sent to 1/1 Total Cost: TZS 34.6833 Message parts: 2','2026-07-08 11:04:41'),
(43,'single','ScholarConnect [Matched Scholarships]: Hi Rita Kamau, your current top matches are 1) Digital Creatives Visual Art Grant why: art, digital | 2) TMP_TARGET_49_180 why: art, cultural | 3) Applied Computing Diploma Support why: comput, diploma. Log in to app','matched_scholarships','manual',201,'sent','Sent to 1/1 Total Cost: TZS 34.6833 Message parts: 2','2026-07-08 11:04:43'),
(44,'single','ScholarConnect [Matched Scholarships]: Hi Brian Otieno, your current top matches are 1) TMP_TARGET_50_180 why: cultural, bas | 2) Applied Computing Diploma Support why: comput, diploma | 3) Kenya Undergraduate Tech Fellowship why: undergraduate, technolog','matched_scholarships','manual',201,'sent','Sent to 1/1 Total Cost: TZS 34.6833 Message parts: 2','2026-07-08 11:04:44'),
(45,'single','ScholarConnect [Matched Scholarships]: Hi Lydia Mwangi, your current top matches are 1) TMP_TARGET_49_180 why: merit, art | 2) Nairobi STEM AI Scholarship why: computer science, artificial intelligence | 3) Applied Computing Diploma Support why: comput, i','matched_scholarships','manual',201,'sent','Sent to 1/1 Total Cost: TZS 34.6833 Message parts: 2','2026-07-08 11:04:45'),
(46,'single','ScholarConnect [Matched Scholarships]: Hi Ingridius Kisiwani, your current top matches are 1) TMP_TARGET_49_180 why: art, merit | 2) Nairobi STEM AI Scholarship why: artificial intelligence, diploma | 3) Applied Computing Diploma Support why: diploma, com','matched_scholarships','manual',201,'sent','Sent to 1/1 Total Cost: TZS 34.6833 Message parts: 2','2026-07-08 11:06:25'),
(47,'single','ScholarConnect [Matched Scholarships]: Hi Natalie Chelagat, your current top matches are 1) TMP_TARGET_50_180 why: technology, cultural | 2) Future Innovators Scholarship why: technology, undergraduate | 3) Future Engineers Bursary why: engineer, technolo','matched_scholarships','manual',201,'sent','Sent to 1/1 Total Cost: TZS 34.6833 Message parts: 2','2026-07-08 11:06:26'),
(48,'single','ScholarConnect [Matched Scholarships]: Hi Rita Kamau, your current top matches are 1) Digital Creatives Visual Art Grant why: art, digital | 2) TMP_TARGET_49_180 why: art, cultural | 3) Applied Computing Diploma Support why: comput, diploma. Log in to app','matched_scholarships','manual',201,'sent','Sent to 1/1 Total Cost: TZS 34.6833 Message parts: 2','2026-07-08 11:06:27'),
(49,'single','ScholarConnect [Matched Scholarships]: Hi Brian Otieno, your current top matches are 1) TMP_TARGET_50_180 why: cultural, bas | 2) Applied Computing Diploma Support why: comput, diploma | 3) Kenya Undergraduate Tech Fellowship why: undergraduate, technolog','matched_scholarships','manual',201,'sent','Sent to 1/1 Total Cost: TZS 34.6833 Message parts: 2','2026-07-08 11:06:28'),
(50,'single','ScholarConnect [Matched Scholarships]: Hi Lydia Mwangi, your current top matches are 1) TMP_TARGET_49_180 why: merit, art | 2) Nairobi STEM AI Scholarship why: computer science, artificial intelligence | 3) Applied Computing Diploma Support why: comput, i','matched_scholarships','manual',201,'sent','Sent to 1/1 Total Cost: TZS 34.6833 Message parts: 2','2026-07-08 11:06:30'),
(51,'single','ScholarConnect [Matched Scholarships]: Hi Ingridius Kisiwani, your current top matches are 1) Nairobi STEM AI Scholarship why: artificial intelligence, diploma | 2) Applied Computing Diploma Support why: diploma, comput | 3) Equity Access Scholarship 2027','matched_scholarships','manual',201,'sent','Sent to 1/1 Total Cost: TZS 34.6833 Message parts: 2','2026-07-08 11:15:09'),
(52,'single','ScholarConnect [Matched Scholarships]: Hi Natalie Chelagat, your current top matches are 1) Future Engineers Bursary why: engineer, technology | 2) Future Innovators Scholarship why: technology, undergraduate | 3) Kenya Undergraduate Tech Fellowship why: ','matched_scholarships','manual',201,'sent','Sent to 1/1 Total Cost: TZS 34.6833 Message parts: 2','2026-07-08 11:15:10'),
(53,'single','ScholarConnect [Matched Scholarships]: Hi Rita Kamau, your current top matches are 1) Digital Creatives Visual Art Grant why: art, visual | 2) Applied Computing Diploma Support why: comput, diploma. Log in to apply.','matched_scholarships','manual',201,'sent','Sent to 1/1 Total Cost: TZS 34.6833 Message parts: 2','2026-07-08 11:15:11'),
(54,'single','ScholarConnect [Matched Scholarships]: Hi Brian Otieno, your current top matches are 1) Kenya Undergraduate Tech Fellowship why: technology, undergraduate | 2) Applied Computing Diploma Support why: comput, diploma | 3) Nairobi STEM AI Scholarship why: sc','matched_scholarships','manual',201,'sent','Sent to 1/1 Total Cost: TZS 52.0250 Message parts: 3','2026-07-08 11:15:12'),
(55,'single','ScholarConnect [Matched Scholarships]: Hi Lydia Mwangi, your current top matches are 1) Nairobi STEM AI Scholarship why: computer science, artificial intelligence | 2) Applied Computing Diploma Support why: comput, information technology. Log in to apply.','matched_scholarships','manual',201,'sent','Sent to 1/1 Total Cost: TZS 34.6833 Message parts: 2','2026-07-08 11:15:13');
/*!40000 ALTER TABLE `sms_dispatch_log` ENABLE KEYS */;
UNLOCK TABLES;
COMMIT;
SET AUTOCOMMIT=@OLD_AUTOCOMMIT;

--
-- Table structure for table `student`
--

DROP TABLE IF EXISTS `student`;
/*!40101 SET @saved_cs_client     = @@character_set_client */;
/*!40101 SET character_set_client = utf8mb4 */;
CREATE TABLE `student` (
  `studentID` int(11) NOT NULL AUTO_INCREMENT,
  `upMail` varchar(255) NOT NULL,
  `password` text NOT NULL,
  `firstName` varchar(255) DEFAULT '',
  `middleName` varchar(255) DEFAULT '',
  `lastName` varchar(255) DEFAULT '',
  `nationality` varchar(255) DEFAULT NULL,
  `gender` varchar(255) DEFAULT NULL,
  `birthDate` date DEFAULT NULL,
  `birthPlace` varchar(255) DEFAULT NULL,
  `presStreetAddr` varchar(255) DEFAULT NULL,
  `presProvCity` varchar(255) DEFAULT NULL,
  `presRegion` varchar(255) DEFAULT NULL,
  `permStreetAddr` varchar(255) DEFAULT NULL,
  `permProvCity` varchar(255) DEFAULT NULL,
  `permRegion` varchar(255) DEFAULT NULL,
  `contactNo` varchar(20) DEFAULT NULL,
  `phone` varchar(20) DEFAULT NULL,
  `dept` varchar(255) DEFAULT '',
  `college` varchar(255) DEFAULT '',
  `status` varchar(20) NOT NULL DEFAULT 'active',
  `current_level` varchar(255) DEFAULT NULL COMMENT 'Maps to scholarship degree requirements',
  `financial_need` enum('Low','Medium','High','Critical') DEFAULT NULL COMMENT 'Standardized urgency scale',
  `career_interests` varchar(1024) DEFAULT NULL COMMENT 'Comma-separated keywords for matching',
  PRIMARY KEY (`studentID`)
) ENGINE=InnoDB AUTO_INCREMENT=54 DEFAULT CHARSET=latin1 COLLATE=latin1_swedish_ci;
/*!40101 SET character_set_client = @saved_cs_client */;

--
-- Dumping data for table `student`
--

SET @OLD_AUTOCOMMIT=@@AUTOCOMMIT, @@AUTOCOMMIT=0;
LOCK TABLES `student` WRITE;
/*!40000 ALTER TABLE `student` DISABLE KEYS */;
INSERT INTO `student` VALUES
(49,'kifine@proton.me','$2y$12$T/fl/oN4XLvr0iNDiZERv.ZIxcdwzgGKTpD.g5xLgPWIjbLxkbvzC','Ingridius','Finelite','Kisiwani',NULL,'male','2006-02-18','Dar','Arusha','Arusha','Nairobi','Arusha','Arusha','Mombasa','655877995','+254732057367','technology based computing scholarship support','Technology Scholarship Program','active','diploma','Medium','merit based, stem, scholarship, diploma, visual art, students, financial need, computer science, cultural arts, artificial intelligence'),
(50,'natalie.chelagat@strathmore.edu','$2y$12$RNtCP9t6dFgkDnBgFRSvOuT.b4g0iZSI744G9f7L6Glm1mHW8Tete','Natalie','Burgei','Chelagat',NULL,'female','1999-06-29','Eld','Arusha','Arusha','Nairobi technology','Arusha','Arusha','Mombasa','655877995','+254716238663','Information Technology','Technology Scholarship Program','active','undergraduate','Low','scholarship, technology based, cultural arts, support, cybersecurity, computer science, students, stem, engineering'),
(51,'rejected.seed1@scholarconnect.local','$2y$12$o32bmOhdwaGRngtmWqyst.0CAlOX6h31np4hsWTnNkNPKDb/oM5g2','Rita','N','Kamau','',NULL,NULL,NULL,NULL,NULL,'Mombasa',NULL,NULL,'Kenya',NULL,'+254778964723','Creative Arts','School of Computing','active',NULL,'Medium','visual art, cultural arts, ict, artificial intelligence, support, software engineering, diploma, means based, computing, digital media'),
(52,'rejected.seed2@scholarconnect.local','$2y$12$5h.R/UQ0JE1GWVKOXldUUemOwqafrRDhbiz9CYSCDr7kJ3f1KriVq','Brian','O','Otieno','Kenyan','female',NULL,NULL,NULL,NULL,'',NULL,NULL,'Kenya',NULL,'+254752347895','technology based computing scholarship support','','active',NULL,'Medium','undergraduate, data science, technology based, computing, cultural arts, means based, diploma, stem, software engineering, support'),
(53,'rejected.seed3@scholarconnect.local','$2y$12$szfuKOu4iVPTlfsWMaDZk.lpvwxjPZe.Rot2onigOdHVDIzFDneHy','Lydia','P','Mwangi','Kenyan','female',NULL,NULL,NULL,NULL,'Kenya',NULL,NULL,'',NULL,'+254762547621','Information Technology','','active',NULL,'High','students, visual art, artificial intelligence, computer science, merit based, financial need, computing, software engineering, support');
/*!40000 ALTER TABLE `student` ENABLE KEYS */;
UNLOCK TABLES;
COMMIT;
SET AUTOCOMMIT=@OLD_AUTOCOMMIT;

--
-- Table structure for table `verify_signup`
--

DROP TABLE IF EXISTS `verify_signup`;
/*!40101 SET @saved_cs_client     = @@character_set_client */;
/*!40101 SET character_set_client = utf8mb4 */;
CREATE TABLE `verify_signup` (
  `upMail` varchar(255) NOT NULL,
  `action` int(2) NOT NULL DEFAULT 0,
  `num` int(8) NOT NULL DEFAULT 0
) ENGINE=InnoDB DEFAULT CHARSET=latin1 COLLATE=latin1_swedish_ci;
/*!40101 SET character_set_client = @saved_cs_client */;

--
-- Dumping data for table `verify_signup`
--

SET @OLD_AUTOCOMMIT=@@AUTOCOMMIT, @@AUTOCOMMIT=0;
LOCK TABLES `verify_signup` WRITE;
/*!40000 ALTER TABLE `verify_signup` DISABLE KEYS */;
INSERT INTO `verify_signup` VALUES
('admin@gmail.com',1,1234),
('yuprivatebaddest21@gmail.com',1,254814),
('kifine@proton.me',1,140591),
('natalie.chelagat@strathmore.edu',1,773400);
/*!40000 ALTER TABLE `verify_signup` ENABLE KEYS */;
UNLOCK TABLES;
COMMIT;
SET AUTOCOMMIT=@OLD_AUTOCOMMIT;
/*!40103 SET TIME_ZONE=@OLD_TIME_ZONE */;

/*!40101 SET SQL_MODE=@OLD_SQL_MODE */;
/*!40014 SET FOREIGN_KEY_CHECKS=@OLD_FOREIGN_KEY_CHECKS */;
/*!40014 SET UNIQUE_CHECKS=@OLD_UNIQUE_CHECKS */;
/*!40101 SET CHARACTER_SET_CLIENT=@OLD_CHARACTER_SET_CLIENT */;
/*!40101 SET CHARACTER_SET_RESULTS=@OLD_CHARACTER_SET_RESULTS */;
/*!40101 SET COLLATION_CONNECTION=@OLD_COLLATION_CONNECTION */;
/*M!100616 SET NOTE_VERBOSITY=@OLD_NOTE_VERBOSITY */;

-- Dump completed on 2026-07-08 12:05:57
